Div,Date,Time,HomeTeam,AwayTeam,FTHG,FTAG,FTR,HTHG,HTAG,HTR,Referee,HS,AS,HST,AST,HF,AF,HC,AC,HY,AY,HR,AR,B365H,B365D,B365A,BWH,BWD,BWA,BFH,BFD,BFA,PSH,PSD,PSA,WHH,WHD,WHA,1XBH,1XBD,1XBA,MaxH,MaxD,MaxA,AvgH,AvgD,AvgA,BFEH,BFED,BFEA,B365>2.5,B365<2.5,P>2.5,P<2.5,Max>2.5,Max<2.5,Avg>2.5,Avg<2.5,BFE>2.5,BFE<2.5,AHh,B365AHH,B365AHA,PAHH,PAHA,MaxAHH,MaxAHA,AvgAHH,AvgAHA,BFEAHH,BFEAHA,B365CH,B365CD,B365CA,BWCH,BWCD,BWCA,BFCH,BFCD,BFCA,PSCH,PSCD,PSCA,WHCH,WHCD,WHCA,1XBCH,1XBCD,1XBCA,MaxCH,MaxCD,MaxCA,AvgCH,AvgCD,AvgCA,BFECH,BFECD,BFECA,B365C>2.5,B365C<2.5,PC>2.5,PC<2.5,MaxC>2.5,MaxC<2.5,AvgC>2.5,AvgC<2.5,BFEC>2.5,BFEC<2.5,AHCh,B365CAHH,B365CAHA,PCAHH,PCAHA,MaxCAHH,MaxCAHA,AvgCAHH,AvgCAHA,BFECAHH,BFECAHA
B1,21/02/2025,19:45,Mechelen,St Truiden,1,1,D,1,0,H,,5,11,1,3,13,7,4,0,2,2,0,0,1.8,3.8,4.1,,,,1.75,3.9,4.1,1.82,3.97,4.28,2,3.6,3.4,1.8,4.03,4.08,1.83,4.03,4.3,1.8,3.9,4.06,1.85,4.1,4.4,1.57,2.35,1.58,2.47,1.59,2.47,1.56,2.37,1.62,2.52,-0.75,1.97,1.77,2.06,1.85,2.08,1.87,2,1.79,2.07,1.87,1.8,3.8,4,,,,1.75,3.75,4.2,1.85,3.97,4.11,2,3.6,3.4,1.9,3.94,3.99,1.9,4,4.3,1.82,3.88,4.02,1.9,4,4.3,1.57,2.35,1.6,2.44,1.68,2.47,1.57,2.37,1.66,2.46,-0.5,1.83,2.03,1.86,2.05,1.88,2.09,1.82,2,1.91,2.07
B1,22/02/2025,15:00,Dender,Beerschot VA,0,0,D,0,0,D,,8,18,1,2,6,14,1,9,4,1,1,0,1.83,3.5,4.33,,,,1.75,3.6,4.6,1.79,3.67,4.5,1.85,3.5,4,1.77,3.77,4.59,1.86,3.8,4.6,1.79,3.63,4.41,1.86,3.75,4.7,1.98,1.88,1.98,1.88,2.02,1.89,1.93,1.85,1.87,1.79,-0.5,1.8,2.05,1.8,2.07,1.85,2.08,1.8,2.02,1.86,2.09,1.73,3.7,4.75,,,,1.73,3.8,4.33,1.75,3.81,4.91,1.85,3.5,4,1.78,3.8,4.88,1.84,3.91,4.91,1.76,3.75,4.56,1.8,3.95,5.1,1.88,1.98,1.93,1.96,2.08,2.15,1.83,1.99,1.94,2.02,-0.75,1.98,1.88,1.99,1.92,2.04,1.92,1.97,1.86,2.03,1.93
B1,22/02/2025,17:15,Westerlo,Charleroi,1,3,A,1,0,H,,6,11,2,4,7,8,2,9,1,1,0,0,2.3,3.5,2.8,,,,2.2,3.5,3,2.35,3.52,2.93,2.1,3.6,3.1,2.33,3.69,2.88,2.38,3.69,3.05,2.3,3.53,2.89,2.42,3.6,3,1.67,2.15,1.71,2.17,1.74,2.23,1.67,2.16,1.6,2,-0.25,2.05,1.8,2.06,1.83,2.08,1.87,1.99,1.81,2.1,1.85,2.5,3.4,2.5,,,,2.5,3.3,2.5,2.71,3.57,2.61,2.1,3.6,3.1,2.77,3.61,2.55,2.77,3.73,2.65,2.62,3.5,2.57,2.8,3.65,2.68,1.67,2.15,1.71,2.22,1.77,2.28,1.7,2.14,1.76,2.28,0,1.95,1.9,1.99,1.92,2,1.96,1.93,1.92,2.02,1.97
B1,22/02/2025,19:45,Antwerp,Oud-Heverlee Leuven,2,2,D,0,0,D,,22,10,8,5,17,12,7,4,3,3,0,0,1.85,3.4,4,,,,1.85,3.5,4.2,1.88,3.59,4.12,1.95,3.5,3.7,1.89,3.68,4.08,1.96,3.75,4.2,1.87,3.58,4.01,1.93,3.6,4.5,1.95,1.9,1.97,1.88,2,1.98,1.92,1.87,1.98,1.9,-0.5,1.9,1.95,1.9,1.97,1.96,2,1.88,1.93,1.93,2,1.67,3.8,4.75,,,,1.67,3.75,5,1.71,3.91,5.1,1.95,3.5,3.7,1.71,3.96,5.15,1.75,3.97,5.15,1.7,3.86,4.82,1.75,4,5.4,1.77,2,1.81,2.08,1.82,2.15,1.75,2.07,1.83,2.16,-0.75,1.88,1.98,1.93,1.97,1.95,2.05,1.89,1.94,1.95,2.01
B1,23/02/2025,12:30,Club Brugge,Standard,1,2,A,0,0,D,,13,11,6,3,12,13,7,8,3,4,1,0,1.3,5.5,8.5,,,,1.25,5.5,10,1.28,5.78,9.65,1.3,5,9,1.3,5.69,10,1.3,6,10,1.28,5.62,9.39,1.04,3.55,9.2,1.57,2.35,1.57,2.43,1.59,2.45,1.55,2.39,1.48,2.22,-1.5,1.88,1.98,1.86,2,1.93,2.02,1.85,1.96,1.76,1.88,1.27,5.5,9.5,,,,1.22,5.5,11,1.27,6.04,11.44,1.3,5,9,1.3,6.07,10.1,1.3,6.07,11.5,1.27,5.73,10.59,1.28,6.4,14,1.62,2.25,1.66,2.31,1.66,2.38,1.63,2.26,1.69,2.4,-1.5,1.83,2.03,1.85,2.06,1.89,2.06,1.83,1.99,1.9,2.08
B1,23/02/2025,15:00,Genk,Gent,0,0,D,0,0,D,,18,11,3,3,10,13,7,5,2,2,0,0,1.55,3.8,5.5,,,,1.57,4.2,5.5,1.57,4.02,5.88,1.62,4,4.8,1.56,4.44,5.49,1.58,4.6,5.9,1.56,4.1,5.47,1.59,4.5,6.2,1.62,2.25,1.64,2.28,1.64,2.4,1.61,2.27,1.54,2.08,-1,1.98,1.88,1.96,1.89,2.05,1.9,1.95,1.85,,,1.53,4,5.5,,,,1.5,4,5,1.58,4.14,6.13,1.62,4,4.8,1.63,4.21,5.56,1.63,4.5,6.25,1.56,4.16,5.58,1.62,4.4,6,1.57,2.35,1.59,2.46,1.61,2.46,1.56,2.38,1.61,2.58,-1,1.93,1.93,1.95,1.95,2.02,1.96,1.93,1.89,2.01,1.97
B1,23/02/2025,17:30,Anderlecht,St. Gilloise,0,2,A,0,1,A,,10,6,4,5,10,14,7,2,3,2,0,0,2.63,3.6,2.4,,,,2.75,3.4,2.4,2.71,3.62,2.47,2.5,3.4,2.62,2.75,3.51,2.51,2.75,3.65,2.55,2.65,3.53,2.46,2.82,3.55,2.58,1.9,1.95,1.92,1.92,1.93,2.05,1.86,1.93,1.9,1.98,0,2,1.85,2.02,1.84,2.04,1.92,1.98,1.85,,,2.75,3.4,2.38,,,,2.8,3.1,2.3,3.02,3.22,2.56,2.5,3.4,2.62,2.81,3.55,2.54,3.04,3.55,2.6,2.91,3.25,2.47,3.05,3.4,2.58,2.05,1.75,2.12,1.78,2.16,1.85,2.03,1.78,2.14,1.84,0.25,1.78,2.1,1.76,2.18,1.81,2.18,1.75,2.12,1.81,2.21
B1,23/02/2025,18:15,Kortrijk,Cercle Brugge,1,1,D,1,0,H,,11,4,4,3,22,15,5,3,4,2,0,0,3.1,3.25,2.2,,,,3.2,3.3,2.25,3.33,3.3,2.24,3.1,3.25,2.25,3.27,3.45,2.22,3.33,3.45,2.3,3.2,3.3,2.22,3.3,3.45,2.3,2.03,1.83,2.03,1.81,2.06,1.85,2,1.8,1.91,1.73,0.25,1.9,1.95,1.93,1.93,1.94,2.02,1.87,1.92,,,3.1,3.2,2.2,,,,3.1,3,2.2,3.31,3.3,2.34,3.1,3.25,2.25,3.42,3.38,2.26,3.42,3.38,2.41,3.21,3.24,2.29,3.4,3.35,2.38,2.1,1.7,2.16,1.75,2.24,1.78,2.09,1.73,2.2,1.81,0.25,1.88,1.98,1.9,2.01,1.95,2.01,1.87,1.96,1.95,2.03
D1,21/02/2025,19:30,Freiburg,Werder Bremen,5,0,H,2,0,H,,13,9,8,3,14,8,3,7,3,0,0,0,2,3.5,3.75,,,,2,3.4,3.9,2.09,3.45,3.84,2,3.5,3.6,2.07,3.76,3.76,2.1,3.76,3.94,2.06,3.48,3.74,2.12,3.55,4,1.98,1.92,2.01,1.9,2.01,1.98,1.93,1.91,1.99,1.99,-0.5,2.08,1.85,2.1,1.84,2.1,1.86,2.06,1.81,2.12,1.88,1.95,3.5,3.9,,,,1.95,3.3,3.9,2.02,3.49,4.03,1.95,3.4,3.9,1.94,3.58,4.2,2.05,3.6,4.2,1.99,3.49,3.93,2.04,3.55,4.2,1.91,1.99,1.93,1.98,1.94,2.01,1.89,1.95,1.96,2.02,-0.5,2.03,1.9,2.03,1.89,2.04,1.92,2,1.87,2.04,1.94
D1,22/02/2025,14:30,Holstein Kiel,Leverkusen,0,2,A,0,2,A,,4,18,3,8,11,10,5,11,4,1,0,0,11,6,1.25,,,,11,6.5,1.25,10.87,6.67,1.25,10,6.5,1.25,10.1,6.86,1.3,12.51,7.02,1.3,10.53,6.57,1.25,12.5,7,1.28,1.4,3,1.39,3.05,1.44,3.05,1.4,2.95,1.44,3.1,1.75,2,1.9,1.99,1.89,2.05,1.95,1.96,1.87,2.01,1.97,15,6.5,1.18,,,,13,6.5,1.15,15.26,7.32,1.2,12,6.5,1.22,16.7,7.25,1.2,17,7.4,1.23,14.5,6.98,1.2,17,7.4,1.23,1.5,2.63,1.52,2.63,1.53,2.9,1.49,2.67,1.55,2.8,2,1.91,2.02,1.9,2.01,1.91,2.06,1.86,2,1.9,2.07
D1,22/02/2025,14:30,Mainz,St Pauli,2,0,H,0,0,D,,10,12,5,0,9,10,6,5,3,3,0,0,1.8,3.5,4.75,,,,1.8,3.5,5,1.79,3.66,4.88,1.8,3.5,4.6,1.84,3.74,4.88,1.84,3.74,5,1.8,3.57,4.73,1.85,3.65,5.3,2.1,1.73,2.19,1.72,2.22,1.77,2.15,1.72,2.22,1.77,-0.75,2.07,1.83,2.05,1.86,2.08,1.86,2.03,1.81,2.11,1.87,1.73,3.6,5.25,,,,1.7,3.4,4.75,1.74,3.7,5.36,1.8,3.5,4.6,1.73,3.66,5.55,1.82,3.7,5.55,1.76,3.61,5.08,1.79,3.7,5.8,2.1,1.73,2.16,1.76,2.25,1.8,2.15,1.73,2.28,1.76,-0.75,1.98,1.95,1.98,1.94,2.07,1.95,1.98,1.87,2.03,1.96
D1,22/02/2025,14:30,M'gladbach,Augsburg,0,3,A,0,0,D,,8,17,5,4,10,9,2,4,3,2,1,0,1.85,3.75,4,,,,1.85,3.8,4.2,1.83,3.82,4.4,1.85,3.8,4,1.88,4.04,4.22,1.88,4.04,4.5,1.84,3.79,4.19,1.9,3.85,4.5,1.73,2.1,1.74,2.18,1.77,2.22,1.72,2.15,1.79,2.22,-0.5,1.86,2.04,1.83,2.07,1.89,2.07,1.84,2.01,1.9,2.09,1.91,3.5,3.9,,,,1.85,3.5,3.8,1.97,3.58,4.12,1.91,3.7,3.8,1.92,3.7,4.18,1.98,3.73,4.18,1.94,3.6,4,2,3.75,4.2,1.95,1.95,1.93,1.98,1.99,2.1,1.86,1.98,1.94,2.04,-0.5,1.99,1.94,1.98,1.94,1.99,1.96,1.95,1.91,2,1.98
D1,22/02/2025,14:30,Wolfsburg,Bochum,1,1,D,0,0,D,,13,11,6,5,8,15,3,5,2,3,0,0,1.53,4.2,6,,,,1.55,4.5,5.5,1.56,4.53,5.71,1.57,4.33,5.5,1.6,4.64,5.76,1.6,4.64,6,1.55,4.42,5.7,1.59,4.5,6.2,1.62,2.3,1.63,2.36,1.68,2.41,1.62,2.32,1.66,2.42,-1,1.92,1.98,1.93,1.97,1.95,2,1.89,1.95,1.96,1.96,1.62,4.2,5,,,,1.55,4,5,1.66,4.35,5,1.62,4.2,5,1.64,4.31,5.34,1.66,4.5,5.6,1.63,4.3,5.09,1.66,4.4,5.7,1.53,2.5,1.57,2.53,1.59,2.56,1.56,2.48,1.61,2.6,-1,2.03,1.78,2.1,1.81,2.11,1.91,2.02,1.83,2.09,1.89
D1,22/02/2025,17:30,Dortmund,Union Berlin,6,0,H,2,0,H,,24,6,8,1,10,11,5,3,2,2,0,0,1.53,4.5,5.5,,,,1.57,4.5,5.5,1.57,4.52,5.55,1.55,4.4,5.5,1.58,4.69,5.92,1.58,4.7,6,1.55,4.46,5.59,1.59,4.7,6,1.62,2.3,1.63,2.38,1.66,2.43,1.61,2.35,1.65,2.44,-1,1.92,1.98,1.93,1.98,1.94,1.99,1.89,1.95,1.95,1.98,1.5,4.33,6.5,,,,1.44,4.2,6.5,1.52,4.59,6.34,1.5,4.5,6,1.51,4.58,6.62,1.52,5,7.1,1.49,4.58,6.39,1.54,4.6,7.2,1.62,2.3,1.67,2.32,1.68,2.42,1.62,2.35,1.7,2.42,-1.25,2.05,1.75,2.12,1.8,2.14,1.9,2.06,1.8,2.16,1.84
D1,23/02/2025,14:30,RB Leipzig,Heidenheim,2,2,D,1,2,A,,17,4,6,2,15,15,7,4,3,3,0,0,1.33,5,8.5,,,,1.33,5,8,1.35,5.61,8.22,1.36,5,8,1.37,5.77,8.7,1.37,5.77,8.7,1.35,5.37,7.98,1.38,5.8,8.8,1.5,2.63,1.5,2.69,1.52,2.75,1.48,2.64,1.52,2.78,-1.5,1.98,1.92,1.97,1.93,2.03,1.94,1.96,1.88,1.98,1.94,1.3,5.25,9,,,,1.3,5,9,1.31,5.91,10.15,1.3,5,9.5,1.33,5.67,10.1,1.34,6,10.15,1.31,5.65,9.48,1.34,6,10.5,1.5,2.63,1.5,2.69,1.52,2.77,1.48,2.68,1.54,2.8,-1.5,1.93,2,1.93,2,1.97,2.03,1.89,1.96,1.96,2.02
D1,23/02/2025,16:30,Bayern Munich,Ein Frankfurt,4,0,H,1,0,H,,19,7,12,2,8,7,4,1,1,1,0,0,1.3,6.5,7.5,,,,1.3,6,9,1.3,6.5,8.28,1.3,6,8,1.34,6.65,8.35,1.34,6.8,9.5,1.3,6.33,8.27,1.32,6.8,9.6,1.33,3.4,1.34,3.34,1.37,3.4,1.33,3.3,1.38,3.5,-1.75,2.01,1.89,2,1.89,2.02,1.91,1.97,1.86,2,1.9,1.25,7,8.5,,,,1.22,6.5,10,1.26,6.85,10.75,1.25,6.5,9.5,1.28,7.39,8.63,1.29,7.39,11.25,1.25,6.63,10.11,1.27,7.2,12,1.36,3.2,1.38,3.13,1.41,3.39,1.37,3.13,1.42,3.3,-1.75,1.88,2.05,1.9,2.01,1.94,2.06,1.88,1.97,1.9,2.08
D1,23/02/2025,18:30,Hoffenheim,Stuttgart,1,1,D,0,1,A,,9,14,2,7,8,10,4,8,0,0,0,0,3.5,3.9,1.95,,,,3.4,3.8,2,3.63,3.96,1.97,3.4,4,1.95,3.6,4.22,2,3.66,4.22,2,3.5,3.92,1.96,3.65,3.95,2.04,1.5,2.63,1.5,2.65,1.52,2.72,1.48,2.63,1.53,2.74,0.5,1.91,1.99,1.93,1.98,1.93,2.02,1.88,1.96,1.94,2.04,3.3,3.75,2.05,,,,3.3,3.7,1.95,3.43,3.94,2.07,3.3,3.9,2,3.63,3.9,2.01,3.63,3.98,2.1,3.42,3.85,2.04,3.6,4,2.1,1.53,2.5,1.54,2.6,1.54,2.66,1.52,2.56,1.56,2.76,0.5,1.75,2.05,1.85,2.08,1.88,2.1,1.82,2.04,1.89,2.1
D2,21/02/2025,17:30,Hamburg,Kaiserslautern,3,0,H,1,0,H,,15,13,8,2,11,7,11,2,1,1,0,0,1.58,3.9,5.25,,,,1.57,4,5,1.65,3.98,5.63,1.62,4,4.8,1.64,4.15,4.98,1.65,4.3,5.65,1.62,3.92,5.21,1.67,4.3,5.8,1.5,2.5,1.52,2.64,1.52,2.7,1.49,2.57,1.53,2.82,-1,2.05,1.8,2.06,1.84,2.14,1.85,2.03,1.79,2.11,1.87,1.7,3.8,4.75,,,,1.67,3.8,4.75,1.72,3.93,4.99,1.7,3.9,4.5,1.72,3.83,4.79,1.73,4.15,5.1,1.69,3.85,4.77,1.77,4.2,5,1.48,2.6,1.51,2.66,1.57,2.7,1.49,2.58,1.54,2.82,-0.75,1.88,1.98,1.91,1.99,1.92,2.02,1.86,1.96,1.96,2.03
D2,21/02/2025,17:30,Hertha,Nurnberg,0,0,D,0,0,D,,16,4,3,3,20,9,6,4,2,2,0,0,2.05,3.75,3.2,,,,2.05,3.5,3.3,2.13,3.65,3.45,2.05,3.6,3.25,2.07,3.84,3.24,2.16,3.84,3.47,2.09,3.59,3.29,2.18,3.8,3.5,1.57,2.35,1.61,2.42,1.63,2.44,1.57,2.36,1.65,2.5,-0.25,1.83,2.03,1.85,2.06,1.9,2.06,1.82,1.99,1.89,2.08,1.9,3.8,3.6,,,,1.95,3.5,3.5,1.93,3.8,3.96,1.95,3.7,3.4,1.98,3.86,3.46,2.04,3.86,3.98,1.97,3.67,3.57,2.04,3.9,3.85,1.57,2.35,1.61,2.42,1.65,2.55,1.57,2.39,1.62,2.54,-0.5,1.9,1.95,1.93,1.95,2.03,1.97,1.97,1.84,2.04,1.95
D2,22/02/2025,12:00,Karlsruhe,Magdeburg,3,1,H,1,1,D,,7,14,4,4,18,15,3,6,1,4,0,1,2.88,3.6,2.3,,,,2.8,3.6,2.3,2.94,3.64,2.37,2.75,3.75,2.3,2.79,3.94,2.27,2.95,3.94,2.38,2.83,3.61,2.31,2.92,3.8,2.38,1.48,2.6,1.48,2.72,1.5,2.76,1.46,2.61,1.5,2.78,0.25,1.83,2.03,1.83,2.06,1.85,2.06,1.8,2,1.87,2.07,3,3.6,2.2,,,,2.88,3.6,2.2,3.02,3.78,2.28,2.9,3.7,2.2,3.17,3.64,2.17,3.17,3.8,2.31,2.95,3.68,2.22,3.1,3.9,2.32,1.48,2.6,1.47,2.8,1.48,2.9,1.44,2.72,1.51,2.9,0.25,1.88,1.98,1.9,2,1.94,2.01,1.87,1.95,1.95,2.02
D2,22/02/2025,12:00,Preußen Münster,Regensburg,2,0,H,1,0,H,,14,8,4,2,20,11,4,3,6,3,0,0,2.15,3.2,3.5,,,,2.05,3.25,3.6,2.15,3.21,3.82,2.15,3.2,3.4,2.12,3.4,3.51,2.23,3.4,3.84,2.12,3.2,3.59,2.18,3.35,3.85,2.1,1.7,2.17,1.72,2.2,1.77,2.11,1.71,2.18,1.73,-0.25,1.83,2.03,1.83,2.06,1.86,2.08,1.8,2,1.85,2.08,2.25,3.1,3.3,,,,2.2,3,3.1,2.33,3.21,3.43,2.25,3.1,3.25,2.29,3.15,3.36,2.4,3.26,3.45,2.27,3.14,3.29,2.34,3.3,3.65,2.05,1.75,2.12,1.78,2.19,1.8,2.08,1.74,2.2,1.82,-0.25,1.95,1.9,1.99,1.91,2.01,1.99,1.94,1.88,1.98,2
D2,22/02/2025,12:00,Ulm,Elversberg,0,0,D,0,0,D,,14,11,1,5,13,11,4,4,4,3,0,0,3.1,3.25,2.3,,,,3,3.3,2.25,3.15,3.39,2.35,3,3.4,2.25,3.03,3.54,2.27,3.17,3.54,2.36,3.03,3.33,2.29,3.2,3.4,2.36,1.85,2,1.87,2.01,1.91,2.02,1.83,1.96,1.35,2.02,0.25,1.85,2,1.86,2.03,1.89,2.04,1.83,1.97,1.9,2.02,3.2,3.2,2.3,,,,2.9,3.2,2.2,3.14,3.42,2.37,2.9,3.3,2.38,3.22,3.22,2.32,3.22,3.43,2.43,3.01,3.28,2.35,3.25,3.5,2.42,1.93,1.93,1.92,1.97,2.04,2,1.89,1.91,1.98,2,0.25,1.85,2,1.86,2.04,1.9,2.06,1.81,2.02,1.9,2.08
D2,22/02/2025,19:30,Hannover,Paderborn,1,1,D,1,0,H,,7,17,1,6,16,19,4,6,3,0,1,0,2.2,3.6,3,,,,2.15,3.5,3.1,2.18,3.57,3.22,2.2,3.4,3.1,2.18,3.65,3.14,2.22,3.67,3.23,2.17,3.51,3.11,2.24,3.75,3.3,1.7,2.1,1.75,2.13,1.75,2.21,1.7,2.12,1.74,2.16,-0.25,1.93,1.93,1.91,1.96,1.96,1.97,1.89,1.9,1.95,2,2.15,3.5,3.1,,,,2.1,3.3,3.3,2.18,3.54,3.43,2.2,3.4,3.1,2.19,3.57,3.16,2.25,3.57,3.43,2.17,3.43,3.24,2.26,3.6,3.5,1.8,2,1.83,2.06,1.85,2.1,1.78,2.02,1.9,2.08,-0.25,1.9,1.95,1.88,2.02,1.95,2.02,1.87,1.94,1.95,2.03
D2,23/02/2025,12:30,Darmstadt,Schalke 04,2,0,H,2,0,H,,12,5,3,2,13,15,3,11,4,5,0,1,2.3,3.5,2.9,,,,2.25,3.6,2.88,2.32,3.72,2.86,2.3,3.6,2.75,2.34,3.7,2.82,2.36,3.8,2.9,2.29,3.6,2.8,2.4,3.8,2.94,1.65,2.2,1.65,2.26,1.67,2.29,1.63,2.23,1.67,2.3,-0.25,2.03,1.83,2.04,1.83,2.09,1.85,2.01,1.79,2.09,1.85,2.2,3.5,3.1,,,,2.15,3.4,3.1,2.25,3.56,3.25,2.25,3.4,3,2.22,3.53,3.13,2.29,3.7,3.27,2.21,3.5,3.1,2.34,3.65,3.3,1.75,2.05,1.77,2.13,1.79,2.23,1.72,2.11,1.81,2.18,-0.25,1.93,1.93,1.94,1.94,1.99,1.99,1.93,1.89,2.01,1.96
D2,23/02/2025,12:30,FC Koln,Fortuna Dusseldorf,1,1,D,0,0,D,,16,10,4,3,13,7,7,0,2,4,0,0,1.85,3.6,4,,,,1.85,3.75,3.9,1.85,3.76,4.09,1.85,3.7,3.8,1.87,3.86,3.89,1.88,3.9,4.2,1.85,3.7,3.93,1.79,1.03,4.1,1.67,2.15,1.71,2.17,1.73,2.23,1.68,2.15,1.6,2,-0.5,1.88,1.98,1.86,2,1.9,2.02,1.84,1.95,1.79,2,1.9,3.6,3.8,,,,1.87,3.6,3.9,1.96,3.58,4.08,1.91,3.6,3.8,1.89,3.65,4.01,1.97,3.7,4.1,1.91,3.55,3.9,1.99,3.8,4.2,1.73,2.08,1.76,2.14,1.77,2.22,1.69,2.16,1.76,2.26,-0.5,1.93,1.93,1.96,1.93,1.98,1.96,1.92,1.89,1.99,2
D2,23/02/2025,12:30,Greuther Furth,Braunschweig,3,0,H,1,0,H,,19,8,7,2,5,10,3,5,4,3,0,0,2.15,3.4,3.25,,,,2.1,3.5,3.3,2.15,3.51,3.35,2.15,3.3,3.3,2.15,3.5,3.32,2.16,3.55,3.36,2.12,3.44,3.26,2.16,3.55,3.55,1.8,2,1.79,2.04,1.85,2.11,1.77,2.03,1.68,2.04,-0.25,1.88,1.98,1.87,1.99,1.91,2.02,1.83,1.96,1.88,2.04,2,3.5,3.5,,,,2,3.4,3.5,2.05,3.62,3.72,2.05,3.4,3.4,2.04,3.56,3.56,2.1,3.62,3.73,2.04,3.47,3.52,2.1,3.7,3.85,1.8,2,1.79,2.1,1.86,2.1,1.79,2.01,1.87,2.12,-0.5,2.03,1.83,2.06,1.85,2.08,1.87,2.04,1.78,2.1,1.89
E0,21/02/2025,20:00,Leicester,Brentford,0,4,A,0,3,A,T Harrington,8,14,3,6,10,10,5,6,4,0,0,0,3.6,3.8,1.91,,,,3.75,3.9,1.95,3.79,3.87,1.97,3.6,3.8,1.95,3.77,4.01,1.96,3.81,4.01,2,3.7,3.86,1.96,3.9,4,2,1.57,2.38,1.62,2.41,1.62,2.52,1.58,2.42,1.64,2.56,0.5,1.95,1.98,1.94,1.98,1.96,2.01,1.9,1.96,1.98,2,3.5,3.8,1.95,,,,3.6,3.75,2,3.74,3.86,1.99,3.6,3.75,1.95,3.6,3.91,2.01,3.9,3.91,2.02,3.66,3.84,1.98,3.8,3.95,2.04,1.57,2.38,1.63,2.4,1.63,2.51,1.59,2.42,1.64,2.54,0.5,1.94,1.99,1.93,2,1.97,2,1.9,1.97,1.95,2.04
E0,22/02/2025,12:30,Everton,Man United,2,2,D,2,0,H,A Madley,9,9,8,3,12,9,7,9,4,1,0,0,2.5,3.2,2.9,,,,2.55,3.1,3,2.58,3.23,2.98,2.6,3.1,2.88,2.61,3.28,2.96,2.61,3.3,3.05,2.55,3.2,2.96,2.68,3.25,3.05,2.2,1.67,2.23,1.71,2.24,1.74,2.19,1.7,2.28,1.76,0,1.8,2.1,1.82,2.11,1.84,2.17,1.79,2.07,1.87,2.13,2.63,3,2.88,,,,2.63,3.1,2.88,2.67,3.15,2.97,2.62,3.1,2.8,2.86,3.09,2.79,2.86,3.23,3,2.65,3.13,2.92,2.7,3.25,3.05,2.2,1.67,2.29,1.68,2.34,1.74,2.25,1.68,2.34,1.73,0,1.85,2.08,1.86,2.07,1.91,2.08,1.85,2.03,1.87,2.13
E0,22/02/2025,15:00,Arsenal,West Ham,0,1,A,0,1,A,C Pawson,20,5,2,2,16,15,2,0,1,3,1,0,1.27,6,10,,,,1.25,6,12,1.25,6.42,11.04,1.25,5.5,12,1.27,6.11,12.9,1.27,6.7,13,1.25,6.2,11.63,1.28,6.6,13,1.67,2.2,1.69,2.23,1.8,2.29,1.68,2.22,1.74,2.28,-1.75,2.05,1.85,2.05,1.85,2.12,1.9,2.01,1.83,2.13,1.84,1.27,5.75,11,,,,1.25,5.5,13,1.29,5.82,12.73,1.3,5,11,1.29,5.87,11.7,1.32,6,13,1.29,5.63,11.79,1.32,5.9,13,1.84,2.06,1.85,2.07,1.87,2.11,1.81,2.05,1.88,2.12,-1.5,1.89,2.04,1.94,1.98,1.97,2.06,1.88,1.98,1.91,2.06
E0,22/02/2025,15:00,Bournemouth,Wolves,0,1,A,0,1,A,M Salisbury,8,13,3,5,17,9,6,7,3,3,1,0,1.53,4.5,5.5,,,,1.57,4.33,5.5,1.57,4.52,5.58,1.57,4.4,5,1.59,4.59,5.6,1.6,4.6,5.8,1.56,4.45,5.5,1.61,4.5,6,1.57,2.38,1.61,2.41,1.62,2.45,1.59,2.39,1.63,2.54,-1,1.92,1.98,1.94,1.96,2,1.99,1.92,1.93,1.97,1.99,1.62,4.1,5,,,,1.62,4.2,5,1.66,4.21,5.27,1.65,4,5,1.65,4.23,5.37,1.68,4.33,5.6,1.64,4.18,5.22,1.68,4.3,5.6,1.67,2.2,1.71,2.24,1.72,2.36,1.67,2.26,1.74,2.34,-0.75,1.84,2.09,1.84,2.1,1.87,2.13,1.8,2.07,1.84,2.16
E0,22/02/2025,15:00,Fulham,Crystal Palace,0,2,A,0,1,A,R Jones,10,10,0,5,10,7,7,7,1,3,0,0,2.05,3.4,3.7,,,,2.05,3.4,3.75,2.04,3.52,3.84,2.05,3.4,3.7,2.07,3.61,3.77,2.08,3.61,3.89,2.05,3.48,3.74,2.12,3.55,3.9,2.02,1.88,2,1.89,2.02,1.9,1.98,1.87,2.04,1.92,-0.5,2.06,1.84,2.05,1.86,2.08,1.87,2.03,1.82,2.12,1.87,2.1,3.4,3.6,,,,2.1,3.4,3.7,2.1,3.49,3.77,2.05,3.4,3.7,2.09,3.46,3.81,2.12,3.57,3.9,2.08,3.46,3.72,2.16,3.55,3.85,1.98,1.92,2,1.9,2,1.96,1.97,1.89,2.02,1.97,-0.25,1.86,2.07,1.81,2.12,1.86,2.13,1.79,2.1,1.85,2.15
E0,22/02/2025,15:00,Ipswich,Tottenham,1,4,A,1,2,A,T Robinson,17,10,5,6,15,14,4,4,2,1,0,0,4.1,3.6,1.9,,,,3.9,3.9,1.87,3.92,3.96,1.89,3.75,3.8,1.91,4,4,1.9,4.1,4.05,1.93,3.87,3.89,1.89,4.2,4,1.93,1.53,2.5,1.53,2.58,1.54,2.66,1.52,2.56,1.55,2.68,0.5,2,1.9,2,1.9,2.02,1.92,1.96,1.89,2.06,1.93,3.3,3.75,2.05,,,,3.4,3.75,2.05,3.42,3.85,2.1,3.3,3.6,2.05,3.63,3.9,2.01,3.7,3.93,2.16,3.38,3.8,2.07,3.6,3.85,2.14,1.5,2.63,1.51,2.66,1.54,2.77,1.5,2.64,1.55,2.78,0.5,1.75,2.05,1.82,2.09,1.91,2.13,1.8,2.07,1.88,2.12
E0,22/02/2025,15:00,Southampton,Brighton,0,4,A,0,1,A,D Bond,6,18,1,12,11,12,5,6,2,0,0,0,6,4.1,1.55,,,,5.5,4.33,1.55,5.56,4.53,1.57,5,4.2,1.57,5.44,4.53,1.61,6,4.6,1.61,5.52,4.38,1.57,6.2,4.6,1.6,1.57,2.38,1.59,2.46,1.62,2.5,1.58,2.42,1.61,2.54,1,1.97,1.93,1.97,1.93,1.99,1.98,1.91,1.93,1.99,1.96,5.25,4.33,1.53,,,,5.5,4.33,1.57,5.83,4.51,1.57,5.5,4.4,1.57,5.92,4.48,1.57,6,4.66,1.58,5.7,4.5,1.56,6,4.6,1.6,1.53,2.5,1.52,2.62,1.56,2.69,1.52,2.59,1.56,2.76,1,2.02,1.91,2.01,1.92,2.06,1.93,1.98,1.89,2.03,1.94
E0,22/02/2025,17:30,Aston Villa,Chelsea,2,1,H,0,1,A,M Oliver,12,15,6,7,15,16,2,3,1,3,0,0,2.63,3.4,2.6,,,,2.63,3.6,2.63,2.62,3.78,2.58,2.62,3.6,2.5,2.67,3.77,2.59,2.67,3.84,2.63,2.62,3.7,2.56,2.7,3.8,2.7,1.57,2.38,1.58,2.49,1.58,2.55,1.56,2.45,1.61,2.54,0,1.98,1.92,1.97,1.93,2,1.95,1.95,1.89,1.98,2,2.6,3.3,2.63,,,,2.55,3.5,2.6,2.68,3.61,2.65,2.62,3.5,2.5,2.7,3.42,2.72,2.7,3.67,2.72,2.62,3.53,2.65,2.7,3.7,2.74,1.62,2.3,1.63,2.38,1.65,2.44,1.62,2.36,1.65,2.5,0,1.95,1.98,1.97,1.95,1.97,1.99,1.93,1.95,1.98,2
E0,23/02/2025,14:00,Newcastle,Nott'm Forest,4,3,H,4,1,H,J Gillett,13,17,5,5,11,13,7,6,1,4,0,0,1.8,3.8,4.2,,,,1.8,3.9,4.33,1.84,4.03,4.1,1.8,3.9,4,1.83,4.12,4.22,1.85,4.12,4.5,1.81,3.96,4.11,1.86,4,4.4,1.67,2.2,1.68,2.27,1.7,2.33,1.66,2.25,1.71,2.32,-0.75,2.06,1.84,2.08,1.82,2.08,1.87,2.03,1.81,2.11,1.87,1.9,3.8,3.75,,,,1.85,3.75,3.9,1.92,3.88,4.01,1.91,3.8,3.6,1.94,3.89,3.84,1.95,3.95,4.09,1.91,3.84,3.89,1.95,4,4.1,1.57,2.38,1.61,2.43,1.62,2.53,1.59,2.42,1.66,2.5,-0.5,1.92,1.98,1.93,2,1.94,2,1.9,1.96,1.95,2.04
E0,23/02/2025,16:30,Man City,Liverpool,0,2,A,0,2,A,A Taylor,16,8,5,4,3,10,7,5,0,0,0,0,2.88,3.8,2.25,,,,2.9,3.9,2.2,2.95,3.97,2.26,2.88,3.75,2.3,3,3.97,2.27,3,3.97,2.3,2.9,3.86,2.26,3,4.1,2.32,1.4,3,1.44,2.87,1.44,3.02,1.41,2.89,1.44,3.1,0.25,1.9,2,1.91,1.99,1.91,2.02,1.87,1.97,1.95,2.04,3,3.8,2.2,,,,3,3.75,2.15,3.24,3.87,2.21,3.2,3.7,2.15,3.22,3.87,2.17,3.31,3.92,2.25,3.14,3.82,2.19,3.2,4,2.26,1.5,2.63,1.53,2.61,1.58,2.79,1.52,2.6,1.58,2.7,0.25,1.97,1.93,1.98,1.94,2.02,1.98,1.95,1.91,2.02,1.98
E1,21/02/2025,19:45,Bristol City,Middlesbrough,2,1,H,0,1,A,T Nield,21,11,7,4,10,13,4,1,0,2,0,0,2.3,3.4,3,,,,2.3,3.4,3,2.37,3.55,3.03,2.3,3.4,3,2.35,3.48,2.95,2.42,3.57,3.03,2.34,3.46,2.96,2.44,3.6,3.15,1.93,1.93,1.95,1.93,1.95,1.96,1.91,1.91,1.98,2,-0.25,1.99,1.79,2.06,1.85,2.08,1.87,2.01,1.81,2.1,1.89,2.3,3.3,3.1,,,,2.3,3.4,2.9,2.38,3.44,3.11,2.4,3.3,2.9,2.3,3.39,3.32,2.4,3.53,3.32,2.33,3.41,3.04,2.42,3.55,3.25,2.03,1.83,2.02,1.85,2.07,1.91,1.98,1.85,2.06,1.92,-0.25,2.05,1.85,2.05,1.86,2.07,1.91,2.01,1.84,2.08,1.92
E1,21/02/2025,20:00,Burnley,Sheffield Weds,4,0,H,1,0,H,S Martin,7,11,4,2,10,16,4,9,3,4,0,0,1.77,3.25,5,,,,1.8,3.3,5,1.83,3.38,5.13,1.85,3.3,4.75,1.83,3.44,4.63,1.85,3.45,5.4,1.82,3.35,4.87,1.87,3.45,5.5,2.38,1.57,2.44,1.6,2.48,1.63,2.39,1.58,2.52,1.64,-0.5,1.77,2.01,1.85,2.07,1.87,2.11,1.82,2.03,1.87,2.13,1.91,3.4,4.2,,,,1.75,3.4,5,1.94,3.33,4.56,2,3.2,4.2,1.92,3.49,4.48,2,3.49,5,1.92,3.3,4.42,2.02,3.35,4.7,2.38,1.57,2.48,1.58,2.55,1.61,2.43,1.57,2.5,1.65,-0.5,1.97,1.93,1.95,1.95,2,1.97,1.94,1.91,2.03,1.96
E1,22/02/2025,12:30,Derby,Millwall,0,1,A,0,0,D,E Bell,9,11,0,4,10,8,4,4,2,0,0,0,2.5,2.9,3.25,,,,2.45,2.88,3.3,2.51,2.91,3.36,2.5,2.9,3.25,2.47,2.95,3.25,2.54,2.96,3.4,2.48,2.9,3.27,2.56,3,3.6,3,1.4,3.04,1.38,3.04,1.41,2.93,1.38,3.1,1.43,-0.25,2.1,1.8,2.12,1.79,2.13,1.81,2.07,1.77,2.13,1.87,2.6,2.88,3.1,,,,2.55,2.8,3.2,2.65,2.94,3.18,2.5,2.88,3.3,2.69,2.94,3.14,2.69,2.95,3.32,2.55,2.89,3.21,2.7,3,3.3,3.2,1.36,3.18,1.38,3.32,1.39,3.09,1.37,3.3,1.42,-0.25,2.15,1.68,2.21,1.73,2.21,1.79,2.12,1.75,2.25,1.78
E1,22/02/2025,12:30,Plymouth,Cardiff,1,1,D,0,1,A,J Bell,14,11,1,3,13,13,0,6,4,3,0,1,2.63,3.5,2.5,,,,2.7,3.3,2.63,2.76,3.42,2.61,2.7,3.3,2.5,2.74,3.38,2.54,2.81,3.5,2.65,2.72,3.37,2.56,2.84,3.45,2.72,2,1.85,2,1.87,2.04,1.94,1.99,1.83,2.06,1.88,0,2.01,1.89,2,1.89,2.02,1.91,1.99,1.86,2.03,1.95,2.6,3.3,2.7,,,,2.63,3.2,2.75,2.68,3.24,2.85,2.6,3.2,2.8,2.67,3.39,2.77,2.72,3.39,2.85,2.63,3.23,2.77,2.76,3.4,2.88,2.2,1.67,2.3,1.67,2.33,1.7,2.22,1.67,2.32,1.73,0,1.91,1.99,1.89,2.01,1.94,2.01,1.89,1.98,1.94,2.05
E1,22/02/2025,12:30,Sunderland,Hull,0,1,A,0,1,A,F Hallam,17,8,2,4,6,15,5,3,0,3,0,0,1.62,3.8,5.5,,,,1.62,3.8,5.5,1.63,3.95,5.71,1.67,3.75,5,1.66,3.88,5.25,1.67,4.1,5.8,1.64,3.85,5.42,1.67,3.95,5.9,2.03,1.83,2.01,1.86,2.07,1.87,2,1.82,2.04,1.88,-0.75,1.83,2.07,1.83,2.08,1.9,2.09,1.82,2,1.86,2.09,1.57,4,5.75,,,,1.57,4,5.5,1.6,4.05,6.14,1.6,3.9,5.5,1.63,4.02,5.91,1.63,4.12,6.15,1.6,4.01,5.7,1.65,4.1,6.2,1.98,1.88,2.03,1.86,2.03,1.94,1.92,1.89,2,1.97,-1,2.05,1.85,2.09,1.83,2.11,1.87,2.05,1.81,2.14,1.85
E1,22/02/2025,15:00,Coventry,Preston,2,1,H,2,0,H,O Langford,17,7,9,3,10,10,10,3,0,1,0,0,1.75,3.6,4.75,,,,1.8,3.7,4.5,1.78,3.54,4.81,1.85,3.5,4.4,1.81,3.6,4.53,1.85,3.7,5,1.8,3.54,4.58,1.87,3.7,4.9,2.1,1.73,2.13,1.75,2.25,1.75,2.12,1.72,2.18,1.77,-0.5,1.75,2.05,1.78,2.09,1.85,2.13,1.81,2.03,1.87,2.12,1.8,3.6,4.33,,,,1.8,3.4,4.6,1.85,3.59,4.65,1.8,3.4,4.6,1.89,3.72,4.3,1.93,3.72,4.75,1.85,3.56,4.36,1.89,3.75,4.8,2,1.8,2.08,1.81,2.24,1.83,2.08,1.76,2.1,1.88,-0.5,1.85,2.05,1.85,2.06,1.88,2.09,1.84,2.02,1.89,2.11
E1,22/02/2025,15:00,Norwich,Stoke,4,2,H,1,1,D,J Busby,16,7,7,4,5,8,4,4,0,1,0,0,1.65,4,5,,,,1.62,3.9,5,1.67,3.86,5.08,1.7,3.8,5,1.69,3.92,4.85,1.7,4.1,5.3,1.66,3.9,5.01,1.73,4,5.7,1.93,1.93,1.89,1.96,2,1.98,1.88,1.93,1.93,1.99,-0.75,1.88,2.02,1.88,1.99,1.89,2.04,1.85,1.96,1.92,2.03,1.67,3.9,4.75,,,,1.7,3.8,4.75,1.71,3.91,5.05,1.75,3.7,4.6,1.75,4.04,4.73,1.79,4.04,5.05,1.72,3.87,4.77,1.75,4,5.3,1.93,1.93,1.91,1.97,1.99,2.09,1.86,1.96,1.95,2.02,-0.75,1.92,1.98,1.94,1.96,1.97,2,1.92,1.93,1.97,2.01
E1,22/02/2025,15:00,Portsmouth,QPR,2,1,H,0,0,D,T Bramall,7,9,3,4,16,11,5,1,3,2,0,0,2.45,3.25,2.9,,,,2.45,3.3,2.88,2.45,3.32,2.94,2.5,3.25,2.9,2.45,3.36,2.89,2.5,3.41,3.01,2.44,3.31,2.9,2.52,3.45,3,2.1,1.73,2.08,1.78,2.11,1.83,2.04,1.78,2.08,1.85,-0.25,2.08,1.73,2.13,1.78,2.14,1.8,2.07,1.76,2.16,1.81,2.6,3.1,2.8,,,,2.6,3.2,2.8,2.63,3.25,2.9,2.62,3.2,2.8,2.69,3.2,2.89,2.71,3.29,2.9,2.6,3.19,2.82,2.7,3.4,2.96,2.2,1.67,2.24,1.71,2.35,1.73,2.18,1.69,2.32,1.75,0,1.85,2.05,1.86,2.05,1.88,2.08,1.84,2.03,1.9,2.09
E1,22/02/2025,15:00,Swansea,Blackburn,3,0,H,2,0,H,G Ward,14,6,5,2,7,15,5,7,0,2,0,0,2.5,3.3,2.75,,,,2.55,3.25,2.8,2.61,3.21,2.82,2.62,3.2,2.8,2.56,3.28,2.78,2.66,3.3,2.89,2.56,3.23,2.79,2.7,3.35,2.88,2.2,1.67,2.22,1.68,2.26,1.73,2.17,1.68,2.2,1.74,0,1.86,2.04,1.86,2.01,1.86,2.06,1.83,2,1.91,2.03,2.15,3.4,3.2,,,,2.25,3.2,3.4,2.34,3.3,3.3,2.3,3.2,3.25,2.29,3.53,3.22,2.4,3.53,3.44,2.28,3.31,3.23,2.34,3.4,3.55,2.1,1.73,2.28,1.68,2.35,1.73,2.22,1.67,2.28,1.75,-0.25,1.93,1.97,2.01,1.9,2.01,1.98,1.94,1.9,2,1.99
E1,22/02/2025,15:00,West Brom,Oxford,2,0,H,1,0,H,S Allison,22,5,5,0,8,10,13,2,2,3,0,0,1.7,3.6,5.25,,,,1.67,3.6,5.5,1.69,3.6,5.38,1.7,3.6,5,1.69,3.74,5.25,1.73,3.74,5.6,1.69,3.63,5.29,1.73,3.8,6,2.2,1.67,2.16,1.71,2.28,1.74,2.16,1.69,2.26,1.74,-0.75,1.95,1.95,1.93,1.94,1.97,1.98,1.89,1.92,1.94,2.02,1.65,3.6,5.5,,,,1.62,3.75,5.5,1.67,3.74,5.89,1.7,3.6,5,1.7,3.72,5.68,1.74,3.85,5.89,1.68,3.69,5.43,1.7,3.95,6.2,2.2,1.67,2.19,1.74,2.35,1.74,2.18,1.7,2.24,1.79,-0.75,1.88,2.02,1.88,2.03,1.92,2.04,1.87,1.97,1.9,2.07
E1,23/02/2025,12:00,Watford,Luton,2,0,H,2,0,H,A Kitchen,10,10,5,2,13,17,4,6,2,2,0,0,2.35,3.5,2.88,,,,2.38,3.4,2.9,2.43,3.17,3.1,2.45,3.25,2.9,2.4,3.3,3.01,2.46,3.5,3.12,2.39,3.26,2.99,2.46,3.45,3.2,2.2,1.67,2.2,1.68,2.26,1.78,2.16,1.69,2.2,1.73,-0.25,2.08,1.82,2.08,1.79,2.11,1.83,2.04,1.78,2.1,1.87,2.3,3.3,3.1,,,,2.38,3.1,3.25,2.4,3.28,3.22,2.4,3.1,3.2,2.3,3.39,3.32,2.43,3.39,3.34,2.36,3.23,3.17,2.48,3.3,3.35,2.2,1.67,2.23,1.71,2.3,1.73,2.22,1.67,2.28,1.76,-0.25,2.06,1.84,2.06,1.86,2.09,1.89,2.03,1.83,2.1,1.89
E2,22/02/2025,12:30,Reading,Birmingham,0,0,D,0,0,D,A Chilowicz,8,12,4,3,11,12,4,7,1,1,0,0,7,4.33,1.42,,,,6.5,4.6,1.44,7.35,4.68,1.43,7,4.4,1.44,7.1,4.6,1.44,7.35,4.75,1.44,6.81,4.49,1.42,7,4.8,1.49,1.73,2.08,1.75,2.1,1.75,2.1,1.72,2.06,1.75,2.12,1.25,1.85,2,1.89,1.98,1.89,2.05,1.83,1.95,1.8,2.05,5.75,4.1,1.53,,,,6,4.33,1.5,5.96,4.38,1.54,5.8,4,1.57,5.75,4.1,1.54,6.5,4.5,1.58,5.7,4.19,1.52,6.6,4.6,1.57,1.73,2.08,1.76,2.12,1.81,2.16,1.73,2.07,1.83,2.16,1,1.95,1.9,1.96,1.93,2,1.97,1.91,1.88,2,1.96
E2,22/02/2025,12:30,Rotherham,Barnsley,0,1,A,0,0,D,O Yates,10,10,2,3,12,13,11,3,1,1,0,0,2.4,3.3,2.8,,,,2.4,3.4,2.88,2.43,3.44,2.91,2.45,3.3,2.9,2.41,3.5,2.85,2.45,3.5,2.91,2.37,3.33,2.83,2.48,3.35,3,1.9,1.95,1.87,1.99,1.95,1.99,1.85,1.92,1.89,1.96,-0.25,2.08,1.73,2.11,1.78,2.11,1.78,2.04,1.75,2.14,1.83,2.55,3.4,2.63,,,,2.45,3.4,2.8,2.58,3.55,2.71,2.5,3.4,2.75,2.57,3.43,2.65,2.58,3.55,2.8,2.48,3.41,2.68,2.74,3.6,2.76,1.85,2,1.85,2.03,1.93,2.11,1.82,1.96,1.91,2.06,0,1.93,1.93,1.9,1.99,1.97,2,1.86,1.96,1.98,1.99
E2,22/02/2025,15:00,Blackpool,Crawley Town,3,1,H,2,1,H,T Reeves,9,14,5,5,5,12,5,2,1,1,1,0,1.57,3.9,5.5,,,,1.55,4.1,5.5,1.57,4.32,5.14,1.6,4,5.5,1.59,4.2,5.4,1.6,4.5,5.6,1.56,4.12,5.22,1.63,4.2,5.7,1.75,2.05,1.73,2.11,1.85,2.11,1.73,2.05,1.76,2.1,-1,2.03,1.83,1.99,1.86,2.09,1.86,1.96,1.82,2.04,1.85,1.62,4.2,4.5,,,,1.55,4.33,5.5,1.65,4.28,4.98,1.62,4,5,1.63,4.24,4.54,1.65,4.4,5.5,1.6,4.18,4.81,1.72,4.3,5.1,1.6,2.3,1.62,2.36,1.62,2.37,1.59,2.28,1.67,2.44,-0.75,1.8,2.05,1.82,2.09,1.87,2.15,1.78,2.04,1.91,2.07
E2,22/02/2025,15:00,Bolton,Leyton Orient,2,1,H,0,1,A,S Purkiss,10,13,5,2,9,17,5,7,2,3,0,0,2.15,3.3,3.25,,,,2.2,3.4,3.3,2.18,3.46,3.26,2.2,3.4,3.3,2.2,3.5,3.21,2.2,3.5,3.3,2.14,3.4,3.2,2.34,3.4,3.3,2,1.85,2,1.84,2,1.87,1.93,1.82,1.98,1.9,-0.25,1.9,1.95,1.9,1.95,1.92,1.97,1.86,1.92,2.02,1.93,2.15,3.3,3.25,,,,2.3,3.3,3.1,2.38,3.4,3.09,2.3,3.3,3.1,2.26,3.26,3.12,2.38,3.42,3.38,2.24,3.28,3.12,2.24,3.5,3.6,2,1.85,2,1.88,2.04,1.9,1.96,1.82,2.02,1.94,-0.25,1.88,1.98,2.05,1.85,2.05,2,1.94,1.87,1.93,2.06
E2,22/02/2025,15:00,Cambridge,Stockport,2,0,H,2,0,H,S Oldham,4,18,2,5,14,15,0,5,1,0,0,1,4.1,3.7,1.8,,,,5,3.5,1.73,4.52,3.52,1.81,4.4,3.5,1.85,4.35,3.64,1.83,5,3.7,1.85,4.31,3.5,1.8,4.8,3.55,1.83,2.05,1.75,2.07,1.77,2.1,1.78,2.03,1.74,2.06,1.78,0.5,2.05,1.8,2.04,1.82,2.05,1.85,1.98,1.8,2.19,1.83,4,3.6,1.83,,,,4.33,3.5,1.85,4.54,3.55,1.85,4,3.4,1.85,4.06,3.65,1.86,4.6,3.7,1.88,4.25,3.5,1.82,4.5,3.7,1.93,2.1,1.7,2.15,1.75,2.26,1.76,2.09,1.71,2.24,1.76,0.5,2,1.85,2.03,1.86,2.05,1.89,1.99,1.81,2.06,1.93
E2,22/02/2025,15:00,Charlton,Exeter,3,0,H,1,0,H,A Davies,11,6,5,1,10,12,6,2,3,3,0,0,1.5,4.2,6,,,,1.47,4.33,6.5,1.48,4.34,6.48,1.53,4,6.5,1.5,4.25,6.65,1.53,4.5,6.65,1.48,4.19,6.22,1.48,4.2,6.6,1.98,1.88,1.93,1.9,1.99,1.9,1.9,1.86,1.83,1.88,-1,1.88,1.98,1.85,2.01,1.95,2.01,1.85,1.93,1.78,1.84,1.44,4.33,6.5,,,,1.4,4.5,8,1.45,4.41,7.65,1.44,4.33,7.5,1.47,4.36,6.29,1.47,4.5,8,1.43,4.3,7.05,1.47,4.7,8.6,1.98,1.88,1.99,1.88,2.02,1.96,1.92,1.85,1.99,1.96,-1.25,2.05,1.8,2.1,1.81,2.1,1.83,2.05,1.77,2.1,1.88
E2,22/02/2025,15:00,Huddersfield,Peterboro,0,1,A,0,1,A,D Drysdale,12,11,0,4,10,10,8,5,1,3,0,0,1.6,3.9,5.25,,,,1.62,4.1,5,1.58,4.18,5.21,1.62,4,5,1.63,4.2,4.98,1.63,4.2,5.25,1.59,4.07,4.99,1.65,4.2,5.2,1.65,2.2,1.66,2.23,1.66,2.25,1.63,2.2,1.65,2.26,-1,2.05,1.8,2.03,1.83,2.07,1.83,1.99,1.79,2.05,1.83,1.67,3.7,4.75,,,,1.7,3.9,4.75,1.7,4.06,4.78,1.75,3.8,4.4,1.7,3.78,4.85,1.77,4.06,4.85,1.71,3.83,4.46,1.77,4.1,5,1.7,2.1,1.72,2.19,1.77,2.19,1.69,2.11,1.75,2.26,-0.75,1.93,1.93,1.91,1.98,1.97,1.98,1.91,1.9,2,1.99
E2,22/02/2025,15:00,Lincoln,Burton,0,1,A,0,0,D,R Ricardo,7,8,2,1,14,6,4,4,3,2,0,0,1.83,3.4,4.33,,,,1.8,3.5,4.5,1.86,3.53,4.22,1.85,3.4,4.5,1.86,3.52,4.34,1.87,3.55,4.5,1.83,3.45,4.19,1.87,3.5,4.5,2.15,1.67,2.21,1.68,2.21,1.68,2.14,1.66,2.2,1.69,-0.5,1.85,2,1.88,1.98,1.88,2,1.83,1.94,1.87,2.07,1.83,3.4,4.33,,,,1.83,3.4,4.5,1.81,3.67,4.58,1.91,3.4,4.2,1.86,3.44,4.38,1.95,3.67,4.58,1.86,3.42,4.15,1.9,3.6,4.8,2.1,1.7,2.19,1.72,2.26,1.74,2.14,1.67,2.24,1.79,-0.5,1.83,2.03,1.83,2.08,1.91,2.11,1.85,1.94,1.9,2.09
E2,22/02/2025,15:00,Northampton,Bristol Rvs,2,1,H,0,0,D,M Russell,8,8,3,4,8,9,8,4,2,2,0,0,2.1,3.3,3.4,,,,2.2,3.3,3.4,2.18,3.24,3.46,2.15,3.3,3.4,2.17,3.4,3.38,2.2,3.45,3.46,2.13,3.26,3.35,2.24,3.55,3.5,2.1,1.7,2.18,1.7,2.18,1.73,2.1,1.68,2.24,1.71,-0.25,1.85,2,1.88,1.97,1.88,2,1.84,1.93,1.94,2.05,2,3.4,3.6,,,,2.15,3.3,3.5,2.07,3.39,3.82,2.15,3.25,3.5,2.13,3.35,3.45,2.2,3.4,3.82,2.11,3.27,3.46,2.2,3.35,3.9,2.1,1.7,2.14,1.75,2.26,1.75,2.16,1.66,2.3,1.74,-0.25,1.75,2.05,1.78,2.12,1.88,2.12,1.81,2.01,1.87,2.12
E2,22/02/2025,15:00,Shrewsbury,Stevenage,0,1,A,0,1,A,M Barlow,10,6,2,0,8,7,5,5,0,0,0,0,2.7,2.9,2.8,,,,2.63,3,2.88,2.71,3.03,2.82,2.62,2.8,2.8,2.73,2.98,2.83,2.73,3.03,2.88,2.65,2.95,2.78,2.82,3,2.88,2.7,1.44,2.86,1.41,2.95,1.44,2.75,1.42,2.74,1.47,0,1.88,1.98,1.88,1.97,1.88,1.99,1.85,1.94,1.92,1.99,2.8,2.9,2.63,,,,2.88,2.88,2.75,2.92,3.06,2.71,2.8,2.8,2.7,2.86,2.86,2.69,2.92,3.06,2.9,2.79,2.92,2.69,3,3.1,2.82,2.7,1.44,2.79,1.47,2.95,1.47,2.77,1.41,2.84,1.53,0,2,1.85,2.02,1.88,2.02,2.04,1.95,1.87,2.06,1.92
E2,22/02/2025,15:00,Wycombe,Wigan,0,0,D,0,0,D,L Doughty,12,4,3,1,11,15,6,2,3,1,0,0,1.7,3.5,5,,,,1.73,3.5,5,1.71,3.52,5.17,1.73,3.5,5,1.72,3.62,5.15,1.75,3.65,5.2,1.7,3.5,4.97,1.78,3.5,5.3,2.25,1.62,2.32,1.61,2.32,1.65,2.24,1.61,2.12,1.64,-0.75,1.95,1.9,1.97,1.88,1.97,1.94,1.92,1.86,2,1.88,1.73,3.4,5,,,,1.75,3.4,5,1.76,3.5,5.27,1.75,3.4,5,1.75,3.45,5.07,1.78,3.5,5.28,1.73,3.4,5.01,1.83,3.5,5.5,2.4,1.53,2.44,1.58,2.46,1.58,2.37,1.55,2.5,1.63,-0.75,2,1.85,2.03,1.87,2.04,1.9,1.99,1.82,2.1,1.89
E2,23/02/2025,15:00,Mansfield,Wrexham,1,2,A,1,1,D,M Corlett,11,9,4,2,14,3,0,3,4,0,0,0,3.1,3.3,2.2,,,,3,3.4,2.3,3.24,3.28,2.26,3.1,3.3,2.3,3.19,3.38,2.26,3.24,3.4,2.3,3.08,3.26,2.24,3.25,3.35,2.32,2.05,1.75,2.07,1.76,2.07,1.78,2.02,1.74,2.06,1.77,0.25,1.9,1.95,1.88,1.95,1.9,1.99,1.83,1.93,,,3.1,3.4,2.2,,,,3.1,3.3,2.2,3.26,3.43,2.27,3.25,3.3,2.25,3.23,3.41,2.14,3.31,3.45,2.27,3.18,3.34,2.19,3.35,3.6,2.34,2.05,1.8,2.07,1.8,2.11,1.86,2.01,1.77,2.08,1.89,0.25,1.88,1.98,1.93,1.96,1.94,2,1.89,1.92,1.96,2.01
E3,22/02/2025,12:30,Crewe,Barrow,3,0,H,1,0,H,D Rock,11,9,8,2,7,18,5,5,0,3,0,0,2.2,3.3,3.2,,,,2.3,3.1,3.3,2.28,3.25,3.25,2.3,3,3.4,2.29,3.14,3.23,2.3,3.3,3.4,2.23,3.15,3.22,2.38,3.25,3.45,2.4,1.53,2.52,1.51,2.52,1.54,2.43,1.51,2.28,1.57,-0.25,1.95,1.9,1.97,1.88,1.98,1.9,1.92,1.85,2.02,1.92,2.5,3.25,2.8,,,,2.55,3.1,2.9,2.58,3.16,2.91,2.6,3,3,2.49,3.24,2.79,2.6,3.25,3.05,2.51,3.1,2.88,2.7,3.25,3,2.35,1.57,2.47,1.55,2.53,1.57,2.44,1.52,2.56,1.62,0,1.83,2.03,1.82,2.06,1.88,2.1,1.79,2.04,1.87,2.12
E3,22/02/2025,12:30,Morecambe,Walsall,0,2,A,0,0,D,B Speedie,17,13,3,4,11,15,3,7,0,0,1,0,4.2,3.9,1.73,,,,4.33,4,1.73,4.62,3.71,1.75,4.8,3.6,1.75,4.6,3.72,1.73,4.8,4,1.75,4.43,3.71,1.73,4.2,3.7,1.79,1.98,1.88,1.96,1.85,1.98,1.88,1.92,1.84,1.94,1.87,0.75,1.88,1.98,1.85,2,1.89,2,1.83,1.94,1.86,2.02,4,3.8,1.8,,,,4.33,3.75,1.75,4.41,3.66,1.81,4.5,3.6,1.8,4,3.8,1.8,4.5,3.85,1.83,4.25,3.63,1.78,4.6,3.9,1.86,2.03,1.83,2.02,1.83,2.09,1.83,1.98,1.8,2.08,1.89,0.5,2.05,1.8,2.05,1.83,2.08,1.84,2.01,1.78,2.13,1.86
E3,22/02/2025,15:00,Accrington,Doncaster,1,2,A,0,1,A,S Morland,8,7,1,1,16,15,4,3,5,3,0,1,3.6,3.1,2.1,,,,3.5,3.3,2.15,3.3,3.52,2.1,3.4,3.4,2.15,3.32,3.44,2.11,3.6,3.6,2.15,3.31,3.41,2.09,3.6,3.4,2.12,1.98,1.88,1.93,1.87,2,1.88,1.93,1.83,1.94,1.88,0.25,2.03,1.83,2,1.84,2.04,1.85,1.96,1.81,2.1,1.83,3.9,3,2.05,,,,3.9,3.3,2,3.69,3.43,2.05,3.5,3.4,2.1,3.93,3.03,2.06,3.93,3.45,2.13,3.56,3.32,2.05,4.1,3.45,2.12,2.05,1.75,2.02,1.82,2.13,1.87,2.01,1.77,2.1,1.89,0.25,2.08,1.73,2.1,1.78,2.11,1.83,2.04,1.77,2.2,1.81
E3,22/02/2025,15:00,Bradford,Milton Keynes Dons,2,0,H,1,0,H,S Stockbridge,14,5,5,3,24,10,3,4,3,1,0,0,1.75,3.7,4.33,,,,1.75,3.7,4.6,1.76,3.67,4.44,1.73,3.75,4.5,1.76,3.72,4.41,1.78,3.85,4.7,1.75,3.65,4.36,1.76,3.75,4.7,1.93,1.93,1.9,1.9,1.93,1.93,1.89,1.87,1.37,1.43,-0.75,2.03,1.83,2.02,1.83,2.03,1.86,1.96,1.81,1.94,1.84,1.8,3.6,4.1,,,,1.75,3.8,4.4,1.8,3.71,4.43,1.83,3.6,4.2,1.82,3.63,4.13,1.86,3.8,4.43,1.8,3.61,4.19,1.82,4,4.8,1.9,1.95,1.91,1.93,1.97,2.02,1.89,1.89,1.92,2.06,-0.75,2.05,1.8,2.06,1.81,2.09,1.83,2.03,1.78,2.07,1.89
E3,22/02/2025,15:00,Bromley,Harrogate,2,0,H,2,0,H,J Oldham,7,14,3,3,9,16,5,4,0,3,0,0,1.9,3.6,3.7,,,,1.91,3.5,4,1.93,3.59,3.74,1.95,3.3,3.8,1.93,3.48,3.85,1.95,3.61,4,1.92,3.49,3.76,1.98,3.6,4,2.08,1.73,2.06,1.74,2.1,1.75,2.03,1.73,2.06,1.76,-0.5,1.95,1.9,1.94,1.89,1.95,1.9,1.91,1.86,1.98,1.92,2.05,3.5,3.4,,,,2,3.4,3.8,2.07,3.51,3.54,2.05,3.2,3.5,2.05,3.5,3.39,2.15,3.52,3.8,2.04,3.4,3.47,2.16,3.55,3.75,2.05,1.75,2.09,1.76,2.15,1.76,2.07,1.73,2.08,1.87,-0.25,1.8,2.05,1.81,2.08,1.85,2.12,1.78,2.03,1.85,2.12
E3,22/02/2025,15:00,Carlisle,Gillingham,0,0,D,0,0,D,S Jackson,15,14,5,3,11,11,6,3,2,2,0,0,2.4,3.2,2.9,,,,2.4,3.2,3,2.39,3.24,2.98,2.4,3.1,3,2.44,3.14,2.97,2.44,3.3,3,2.37,3.18,2.94,2.4,3.35,3.2,2.35,1.57,2.38,1.57,2.38,1.57,2.33,1.56,2.36,1.6,-0.25,2.1,1.78,2.07,1.79,2.1,1.79,2.03,1.75,2.06,1.9,2.45,3.2,2.9,,,,2.45,3.1,3.1,2.46,3.18,3.07,2.38,3.1,3.1,2.41,3.11,3.01,2.47,3.2,3.23,2.4,3.09,3.04,2.56,3.2,3.25,2.4,1.53,2.45,1.56,2.48,1.57,2.38,1.54,2.56,1.62,-0.25,2.08,1.73,2.11,1.78,2.16,1.79,2.06,1.75,2.13,1.84
E3,22/02/2025,15:00,Colchester,AFC Wimbledon,1,1,D,0,1,A,R Eley,10,9,4,1,11,17,3,3,2,6,1,0,2.55,3.1,2.8,,,,2.55,3.1,2.9,2.55,2.88,3.11,2.62,2.9,3,2.54,2.97,2.98,2.65,3.1,3.11,2.55,2.92,2.95,2.54,3.1,3,2.7,1.44,2.8,1.43,2.81,1.47,2.7,1.43,2.66,1.49,0,1.8,2.05,1.74,2.13,1.85,2.13,1.77,2.02,1.78,2.13,2.5,3,3,,,,2.63,2.8,3.1,2.67,2.82,3.14,2.62,2.8,3.1,2.5,2.99,2.99,2.75,3,3.15,2.59,2.84,3.03,2.76,2.94,3.25,3.1,1.36,3.04,1.38,3.1,1.4,2.92,1.38,3.2,1.43,0,1.78,2.1,1.78,2.11,1.8,2.12,1.76,2.07,1.82,2.16
E3,22/02/2025,15:00,Grimsby,Fleetwood Town,2,1,H,1,0,H,S Tallis,11,9,4,2,10,17,7,3,1,6,0,0,2.35,3.2,3,,,,2.38,3.3,3,2.37,3.3,2.97,2.4,3.4,2.9,2.34,3.42,2.9,2.4,3.57,3,2.32,3.35,2.9,2.48,3.25,3.1,1.95,1.9,1.93,1.87,1.95,1.9,1.91,1.85,1.38,1.42,-0.25,2.03,1.83,2.06,1.8,2.06,1.83,2,1.78,2.12,1.79,2.6,3,2.8,,,,2.55,3.2,2.88,2.54,3.25,2.88,2.5,3.2,2.8,2.62,3.02,2.82,2.62,3.34,2.9,2.51,3.19,2.79,2.68,3.35,2.98,2.15,1.67,2.15,1.72,2.21,1.84,2.1,1.7,2.22,1.78,0,1.85,2,1.82,2.06,1.85,2.07,1.8,2.01,1.88,2.1
E3,22/02/2025,15:00,Newport County,Cheltenham,0,3,A,0,1,A,J Simpson,11,10,2,4,19,17,5,5,1,1,1,0,3,3.2,2.35,,,,3,3.3,2.38,3.02,3.36,2.31,3,3.3,2.3,2.98,3.4,2.3,3.02,3.4,2.4,2.95,3.31,2.3,3.05,3.35,2.48,1.98,1.88,1.94,1.85,2,1.88,1.93,1.83,1.39,1.85,0.25,1.83,2.03,1.83,2.01,1.84,2.05,1.8,1.97,1.86,2.12,3,3.4,2.3,,,,3,3.25,2.4,3.12,3.46,2.28,3,3.3,2.3,2.98,3.38,2.29,3.13,3.55,2.4,2.97,3.36,2.29,3.35,3.5,2.38,2.03,1.83,2.01,1.83,2.08,1.87,1.97,1.81,2.1,1.9,0.25,1.85,2,1.88,1.99,1.89,2.04,1.83,1.98,1.94,2.05
E3,22/02/2025,15:00,Notts County,Tranmere,2,1,H,0,0,D,J Miles,13,20,5,6,8,9,5,8,2,4,0,0,1.55,4.2,5.25,,,,1.57,4.5,5,1.56,4.16,5.33,1.62,4,5.5,1.58,4.15,5.25,1.62,4.5,5.8,1.56,4.16,5.18,1.61,4.1,6,1.75,2.05,1.72,2.1,1.81,2.11,1.72,2.06,1.76,2.06,-1,2,1.85,1.98,1.85,2,1.87,1.93,1.83,1.98,1.86,1.53,4.33,5.25,,,,1.5,4.2,6,1.55,4.17,6.02,1.55,4,6,1.54,4.35,5.27,1.55,4.5,6.03,1.52,4.2,5.65,1.59,4.3,6.4,1.75,2.05,1.78,2.06,1.81,2.15,1.74,2.06,1.81,2.18,-1,1.93,1.93,1.93,1.93,1.97,1.96,1.89,1.9,1.97,1.97
E3,22/02/2025,15:00,Port Vale,Salford,2,1,H,1,0,H,T Kirk,9,11,5,1,7,12,6,5,0,2,1,0,2.15,3.4,3.2,,,,2.2,3.3,3.4,2.17,3.36,3.28,2.25,3.2,3.3,2.18,3.3,3.3,2.25,3.4,3.4,2.15,3.31,3.25,2.2,3.35,3.3,2.15,1.67,2.17,1.68,2.2,1.68,2.13,1.66,1.55,1.56,-0.25,1.88,1.98,1.89,1.94,1.9,1.98,1.85,1.92,1.92,1.94,2.1,3.3,3.4,,,,2.05,3.25,3.8,2.18,3.32,3.46,2.15,3.25,3.5,2.11,3.31,3.41,2.19,3.4,3.8,2.12,3.26,3.41,2.24,3.35,3.85,2.3,1.6,2.28,1.65,2.33,1.66,2.24,1.61,2.4,1.68,-0.25,1.85,2,1.88,1.98,1.89,2.02,1.84,1.97,1.92,2.08
E3,22/02/2025,15:00,Swindon,Chesterfield,1,0,H,0,0,D,C Breakspear,10,4,1,1,14,10,7,8,3,2,0,0,2.75,3.2,2.5,,,,2.75,3.3,2.55,2.71,3.42,2.5,2.7,3.4,2.5,2.69,3.44,2.45,2.75,3.5,2.55,2.69,3.36,2.46,2.64,3.45,2.52,1.88,1.98,1.88,1.93,1.88,1.98,1.84,1.91,1.36,1.46,0,2.03,1.83,2,1.85,2.03,1.85,1.98,1.8,1.98,1.84,2.55,3.25,2.63,,,,2.75,3.3,2.55,2.6,3.51,2.65,2.62,3.3,2.62,2.58,3.29,2.66,2.8,3.6,2.66,2.57,3.39,2.58,2.66,3.55,2.82,1.85,2,1.85,1.99,1.97,2.04,1.87,1.91,1.94,2.04,0,1.9,1.95,1.92,1.95,1.94,2,1.9,1.92,1.92,2.02
EC,22/02/2025,15:00,Aldershot,Hartlepool,3,2,H,0,1,A,R Martin,,,,,,,,,1,2,0,0,2.8,3.4,2.38,,,,2.6,3.25,2.45,2.58,3.45,2.58,,,,2.55,3.36,2.5,2.8,3.47,2.7,2.54,3.32,2.54,2.58,2.96,2.6,1.88,1.93,1.88,1.93,1.88,1.93,1.84,1.89,1.74,1.8,0,2.05,1.75,1.91,1.91,2.05,1.96,1.88,1.86,1.93,1.92,2.63,3.4,2.5,,,,2.63,3.2,2.3,2.64,3.59,2.54,,,,2.64,3.42,2.51,2.7,3.59,2.57,2.62,3.37,2.45,2.68,3.65,2.66,1.83,1.98,1.82,2.03,1.89,2.03,1.81,1.95,1.82,2.1,0,1.95,1.85,1.96,1.89,1.96,1.89,1.95,1.82,1.97,1.94
EC,22/02/2025,15:00,Altrincham,Fylde,1,2,A,1,2,A,J Bancroft,,,,,,,,,1,1,0,0,1.44,4.2,7.5,,,,1.36,4.4,7,1.4,5.03,6.21,,,,1.37,4.75,6.95,1.44,5.1,7.5,1.39,4.62,6.4,1.42,4.9,7.2,1.6,2.3,1.54,2.44,1.6,2.44,1.55,2.34,1.56,2.42,-1.25,1.95,1.85,1.9,1.92,1.96,1.92,1.87,1.87,1.89,1.86,1.36,4.75,8.5,,,,1.25,5,8,1.36,5.29,7.53,,,,1.35,4.71,8.43,1.36,5.6,8.5,1.33,5.09,7.5,1.35,5.7,8.6,1.48,2.6,1.5,2.59,1.5,2.63,1.47,2.55,1.5,2.78,-1.5,1.95,1.85,2.02,1.84,2.02,1.9,1.91,1.85,1.81,1.87
EC,22/02/2025,15:00,Boston Utd,Eastleigh,1,2,A,0,1,A,A Jackson,,,,,,,,,0,2,0,0,2.55,3.4,2.5,,,,2.55,3.1,2.55,2.68,3.19,2.64,,,,2.57,3.22,2.56,2.7,3.4,2.64,2.61,3.17,2.53,2.72,3.1,2.66,2.05,1.75,2.11,1.72,2.11,1.79,2.02,1.73,2.08,1.75,0,1.93,1.88,1.93,1.89,1.94,1.89,1.9,1.84,1.92,1.89,2.45,3.3,2.7,,,,2.5,3.1,2.5,2.64,3.02,2.95,,,,2.48,3.34,2.73,2.7,3.37,2.95,2.55,3.15,2.67,2.68,3.05,3.1,2.15,1.67,2.22,1.68,2.22,1.76,2.12,1.68,2.28,1.7,0,1.78,2.03,1.83,2.04,1.9,2.04,1.83,1.95,1.82,2.11
EC,22/02/2025,15:00,Dag and Red,Oldham,2,2,D,1,0,H,S Parkinson,,,,,,,,,1,0,0,0,3.3,3.7,2,,,,3.4,3.3,1.95,3.62,3.35,2.03,,,,3.51,3.4,1.99,3.65,3.7,2.04,3.5,3.33,1.98,3.7,3.25,2.04,2,1.8,2.03,1.76,2.03,1.8,1.98,1.75,1.87,1.38,0.5,1.8,2,1.79,2.05,1.8,2.05,1.76,1.98,1.79,2.04,3.75,3.75,1.85,,,,3.9,3.4,1.75,4.11,3.6,1.88,,,,3.76,3.76,1.86,4.11,3.76,1.9,3.91,3.49,1.84,4.3,3.7,1.97,2.05,1.75,2.02,1.83,2.11,1.83,2.01,1.75,2.08,1.87,0.5,1.95,1.85,1.96,1.89,1.97,1.91,1.91,1.83,2,1.97
EC,22/02/2025,15:00,Forest Green,Woking,1,1,D,0,0,D,E Swallow,,,,,,,,,2,1,0,1,1.53,3.7,7,,,,1.44,3.9,6,1.54,3.96,5.77,,,,1.5,3.96,6.11,1.54,4.1,7,1.51,3.88,5.79,1.55,3.95,5.7,1.95,1.85,1.97,1.84,1.97,1.85,1.91,1.82,1.4,1.38,-1,1.93,1.88,1.94,1.88,1.94,1.89,1.9,1.84,1.94,1.86,1.67,3.3,6,,,,1.5,3.6,5.5,1.67,3.55,5.76,,,,1.67,3.3,6,1.71,4,6,1.62,3.53,5.4,1.7,3.7,5.6,2.1,1.7,2.16,1.71,2.21,1.81,2.09,1.7,2.16,1.8,-0.75,1.85,1.95,1.86,1.99,1.91,2.05,1.83,1.94,1.91,2.01
EC,22/02/2025,15:00,Maidenhead,Yeovil,0,2,A,0,1,A,C Walchester,,,,,,,,,3,2,0,0,2.38,3.4,2.75,,,,2.3,3.25,2.8,2.6,3.08,2.81,,,,2.46,3.18,2.72,2.61,3.4,2.9,2.44,3.12,2.78,2.44,2.46,2.74,2.15,1.67,2.24,1.64,2.24,1.76,2.12,1.66,2.06,1.33,0,1.75,2.05,1.83,1.99,1.83,2.05,1.75,2,1.78,2.04,2.38,3.4,2.75,,,,2.25,3.2,2.8,2.62,2.96,3.03,,,,2.4,3.43,2.78,2.62,3.43,3.03,2.41,3.17,2.83,2.7,3.05,3.05,2.2,1.65,2.23,1.67,2.23,1.76,2.13,1.67,2.26,1.71,0,1.75,2.05,1.79,2.08,1.79,2.08,1.75,2.05,1.81,2.1
EC,22/02/2025,15:00,Rochdale,Barnet,0,4,A,0,2,A,D Davis,,,,,,,,,0,0,0,0,3,3.6,2.15,,,,3,3.3,2.15,3.19,3.54,2.12,,,,3.16,3.35,2.14,3.23,3.6,2.19,3.07,3.38,2.13,3.3,3.5,2.08,1.9,1.9,1.94,1.85,1.94,1.93,1.87,1.86,1.39,1.4,0.25,1.93,1.88,1.95,1.86,1.95,1.9,1.89,1.85,2.07,1.86,3.25,3.6,2.05,,,,3.3,3.3,2,3.29,3.47,2.18,,,,3.34,3.64,2.02,3.42,3.64,2.18,3.28,3.41,2.05,3.35,3.5,2.24,1.95,1.85,2.01,1.83,2.01,1.88,1.91,1.84,1.99,1.94,0.25,1.98,1.83,1.96,1.89,2.04,1.91,1.98,1.81,1.97,1.93
EC,22/02/2025,15:00,Solihull,Gateshead,1,3,A,0,1,A,R Aspinall,,,,,,,,,1,3,0,0,2.9,3.6,2.2,,,,3,3.5,2.05,2.89,3.74,2.21,,,,2.92,3.56,2.18,3,3.75,2.22,2.9,3.56,2.15,2.98,3.8,2.2,1.65,2.2,1.65,2.22,1.65,2.25,1.62,2.18,1.66,2.22,0.25,1.85,1.95,1.87,1.95,1.87,1.95,1.84,1.9,1.9,1.93,2.7,3.5,2.35,,,,2.63,3.5,2.2,2.63,3.63,2.54,,,,2.73,3.54,2.38,2.74,3.79,2.54,2.64,3.55,2.36,2.82,3.8,2.5,1.67,2.15,1.68,2.21,1.69,2.22,1.65,2.16,1.68,2.28,0,2,1.8,1.96,1.89,2.01,1.89,1.98,1.8,2.08,1.87
EC,22/02/2025,15:00,Sutton,Braintree Town,1,1,D,0,0,D,P Cooper,,,,,,,,,1,1,1,0,1.91,3.3,3.9,,,,1.91,3.25,3.6,1.94,3.43,3.82,,,,1.93,3.4,3.71,1.99,3.45,3.9,1.93,3.3,3.68,1.87,1.09,1.09,2.05,1.75,2.03,1.79,2.08,1.79,2.01,1.73,1.89,1.66,-0.5,1.95,1.85,1.96,1.86,1.97,1.86,1.94,1.8,1.87,1.84,1.91,3.4,3.9,,,,1.91,3.2,3.6,1.86,3.6,4.19,,,,1.92,3.42,3.92,2.07,3.6,4.19,1.93,3.38,3.7,1.92,3.5,4.2,2,1.8,2.01,1.83,2.01,1.83,1.97,1.78,2.04,1.9,-0.5,1.9,1.9,1.87,1.98,1.98,1.98,1.93,1.83,1.92,1.98
EC,22/02/2025,15:00,Tamworth,Southend,1,1,D,1,0,H,G Rhodes,,,,,,,,,2,1,0,0,3,3.4,2.25,,,,3,3.25,2.15,3.01,3.44,2.26,,,,3.03,3.28,2.24,3.15,3.45,2.27,3.01,3.29,2.21,3,3.5,2.36,2.08,1.73,2.08,1.74,2.08,1.75,2.02,1.73,1.92,1.63,0.25,1.83,1.98,1.85,1.97,1.85,1.98,1.83,1.91,1.85,2.05,3.1,3.3,2.25,,,,2.9,3,2.25,3.17,3.11,2.43,,,,3.1,3.3,2.25,3.17,3.3,2.43,3.03,3.13,2.29,3.2,3.2,2.54,2.2,1.65,2.29,1.64,2.3,1.65,2.21,1.62,2.32,1.73,0.25,1.8,2,1.8,2.07,1.82,2.07,1.8,1.99,1.82,2.14
EC,22/02/2025,15:00,Wealdstone,Ebbsfleet,4,2,H,2,2,D,R Massey-Ellis,,,,,,,,,3,1,0,1,1.62,3.8,5.25,,,,1.55,3.9,5,1.6,4.02,5.01,,,,1.58,4,5.02,1.62,4.25,5.5,1.57,3.94,5.03,1.59,4,4.8,1.7,2.1,1.74,2.08,1.74,2.16,1.69,2.08,1.72,2.12,-1,2.05,1.75,2.06,1.77,2.06,1.8,1.98,1.77,1.89,1.69,1.8,3.5,4.33,,,,1.67,3.5,4.33,1.81,3.73,4.27,,,,1.81,3.51,4.34,1.95,3.85,4.75,1.78,3.56,4.17,1.85,3.8,4.5,1.75,2.05,1.81,2.02,1.81,2.1,1.75,2.01,1.83,2.12,-0.5,1.8,2,1.83,2.04,1.89,2.11,1.79,1.97,1.85,2.09
EC,22/02/2025,15:00,York,Halifax,2,2,D,1,2,A,S Simpson,,,,,,,,,2,3,1,0,1.62,3.7,5.25,,,,1.57,3.6,5,1.62,3.8,5.24,,,,1.6,3.78,5.18,1.65,3.87,5.3,1.61,3.67,5.03,1.68,3.75,5.7,1.98,1.83,2,1.81,2,1.83,1.95,1.79,1.41,1.69,-0.75,1.8,2,1.81,2.02,1.81,2.02,1.79,1.95,1.81,1.96,1.6,3.7,5.5,,,,1.44,3.8,6,1.61,3.79,5.89,,,,1.53,3.9,6.24,1.61,4.2,6.24,1.53,3.83,5.81,1.64,3.9,6.2,2,1.8,2.01,1.83,2.01,1.83,1.96,1.79,2.02,1.87,-1,2.08,1.73,2.11,1.76,2.11,1.93,1.93,1.83,1.99,1.74
F1,21/02/2025,19:45,Rennes,Reims,1,0,H,1,0,H,,26,3,5,0,15,7,9,2,1,2,0,2,2.15,3.4,3.4,,,,2.1,3.4,3.6,2.19,3.48,3.52,2.1,3.3,3.4,2.16,3.62,3.62,2.2,3.7,3.75,2.13,3.46,3.5,2.2,3.55,3.7,2,1.9,2.01,1.9,2.06,1.93,1.99,1.87,2.04,1.93,-0.25,1.83,1.98,1.89,2.04,1.9,2.1,1.83,2.01,1.89,2.09,2.2,3.4,3.3,,,,2.2,3.3,3.1,2.23,3.42,3.48,2.2,3.3,3.2,2.18,3.47,3.51,2.35,3.5,3.51,2.22,3.38,3.35,2.3,3.45,3.6,2.04,1.86,2.03,1.88,2.08,1.88,2,1.85,2.06,1.92,-0.25,1.93,2,1.93,2,1.97,2.05,1.9,1.96,1.96,2.02
F1,22/02/2025,16:00,Lille,Monaco,2,1,H,2,1,H,,9,13,6,3,11,18,1,6,4,2,0,0,2.15,3.7,3.1,,,,2.2,3.7,3.1,2.19,3.8,3.19,2.15,3.5,3.1,2.19,3.91,3.29,2.21,3.91,3.3,2.17,3.72,3.13,2.26,3.8,3.3,1.62,2.3,1.64,2.35,1.69,2.38,1.63,2.32,1.67,2.4,-0.25,1.93,1.97,1.93,1.98,1.96,1.98,1.89,1.94,1.96,2,2.4,3.5,2.8,,,,2.1,3.4,3.1,2.48,3.57,2.91,2.2,3.4,3.1,2.37,3.7,2.96,2.51,3.77,3.3,2.36,3.55,2.96,2.5,3.6,3.05,1.67,2.2,1.72,2.22,1.73,2.32,1.68,2.22,1.74,2.32,-0.25,2.08,1.73,2.14,1.79,2.14,1.99,2.04,1.82,2.15,1.86
F1,22/02/2025,18:00,St Etienne,Angers,3,3,D,1,2,A,,19,13,8,4,13,16,4,3,3,0,0,0,2.4,3.3,3,,,,2.4,3.3,3,2.45,3.25,3.15,2.3,3.3,3,2.43,3.52,3.13,2.47,3.52,3.18,2.4,3.29,3.05,2.44,3.35,3.25,2,1.8,2.11,1.79,2.13,1.85,2.06,1.79,2.1,1.83,-0.25,2.07,1.83,2.1,1.83,2.1,1.86,2.04,1.8,2.08,1.89,2.4,3.4,2.9,,,,2.45,3.25,2.8,2.53,3.4,2.95,2.45,3.3,2.75,2.5,3.46,2.93,2.54,3.52,3.1,2.48,3.37,2.9,2.58,3.45,3.05,1.97,1.93,1.96,1.94,1.99,2.01,1.91,1.9,1.97,2,-0.25,2.13,1.81,2.17,1.78,2.21,1.85,2.12,1.76,2.2,1.81
F1,22/02/2025,20:05,Auxerre,Marseille,3,0,H,1,0,H,,9,8,5,2,9,13,2,5,1,3,0,1,5.5,4.33,1.55,,,,5.5,4.5,1.55,5.89,4.5,1.55,5,4.2,1.55,5.84,4.61,1.59,6,4.61,1.59,5.59,4.4,1.55,6.2,4.6,1.6,1.62,2.3,1.62,2.39,1.66,2.43,1.62,2.33,1.64,2.46,1,1.98,1.92,1.99,1.91,1.99,1.94,1.93,1.9,1.99,1.95,5.5,4.33,1.55,,,,5.5,4.1,1.55,5.83,4.41,1.57,5,4.2,1.55,5.88,4.45,1.57,6.1,4.5,1.59,5.72,4.37,1.56,6,4.4,1.62,1.57,2.25,1.67,2.32,1.69,2.42,1.63,2.3,1.68,2.44,1,1.95,1.98,1.97,1.95,1.99,1.98,1.94,1.91,2,1.96
F1,23/02/2025,14:00,Nantes,Lens,3,1,H,1,0,H,,17,14,8,4,13,18,2,11,2,4,0,1,3.7,3.4,2.05,,,,3.7,3.4,2.1,3.69,3.47,2.11,3.5,3.4,2.05,3.71,3.65,2.12,3.75,3.65,2.13,3.6,3.41,2.08,3.85,3.55,2.14,2.08,1.82,2.06,1.84,2.09,1.87,2.02,1.81,2.08,1.84,0.25,2.08,1.82,2.1,1.82,2.11,1.83,2.04,1.79,2.16,1.85,3.5,3.3,2.15,,,,3.4,3.1,2.05,3.64,3.34,2.2,3.4,3.25,2.15,3.73,3.38,2.14,3.73,3.47,2.23,3.53,3.32,2.17,3.7,3.5,2.22,2.1,1.73,2.15,1.78,2.15,1.88,2.05,1.8,2.18,1.82,0.25,2.05,1.88,2.04,1.89,2.07,1.91,2,1.86,2.09,1.9
F1,23/02/2025,16:15,Le Havre,Toulouse,1,4,A,0,1,A,,11,11,3,5,11,13,5,3,0,2,1,0,4,3.4,1.95,,,,4,3.4,1.95,4.02,3.49,2,3.8,3.4,1.95,4.04,3.67,2.02,4.1,3.67,2.02,3.91,3.46,1.97,4.1,3.5,2,2.1,1.73,2.11,1.79,2.15,1.82,2.08,1.77,2.12,1.78,0.5,1.91,1.99,1.9,2.01,1.94,2.01,1.88,1.97,1.92,2,3.7,3.4,2.05,,,,3.8,3.1,1.95,3.82,3.35,2.14,3.8,3.2,2,3.56,3.5,2.16,4.1,3.5,2.16,3.8,3.33,2.08,4.1,3.4,2.14,2.2,1.67,2.33,1.67,2.33,1.7,2.25,1.66,2.34,1.73,0.5,1.83,2.1,1.8,2.14,1.88,2.16,1.8,2.08,1.84,2.16
F1,23/02/2025,16:15,Nice,Montpellier,2,0,H,1,0,H,,16,13,6,1,17,15,8,5,1,1,0,0,1.38,5,7.5,,,,1.36,5,8,1.38,5.37,7.79,1.36,5,7,1.4,5.58,8.2,1.4,5.58,8.2,1.37,5.23,7.62,1.4,5.5,8.6,1.5,2.63,1.5,2.68,1.52,2.72,1.48,2.63,1.52,2.72,-1.5,2.05,1.85,2.05,1.86,2.08,1.88,2.02,1.83,2.01,1.86,1.33,5.25,9,,,,1.25,5,8.5,1.35,5.51,9.22,1.3,5,8.5,1.36,5.36,9.18,1.36,5.7,9.3,1.34,5.37,8.81,1.36,5.8,10.5,1.57,2.38,1.58,2.51,1.61,2.75,1.55,2.48,1.6,2.64,-1.5,1.99,1.94,1.98,1.94,2,1.95,1.95,1.91,1.98,1.97
F1,23/02/2025,16:15,Strasbourg,Brest,0,0,D,0,0,D,,3,12,1,2,12,12,1,8,3,1,0,0,2,3.6,3.6,,,,1.95,3.6,3.8,2,3.68,3.8,1.95,3.6,3.5,2.04,3.83,3.78,2.04,3.83,3.8,1.99,3.61,3.67,2.04,3.7,3.8,1.8,2,1.81,2.08,1.88,2.1,1.81,2.03,1.82,2.1,-0.5,2.02,1.88,2.01,1.89,2.05,1.9,2,1.86,2.04,1.89,2.15,3.3,3.4,,,,2.05,3.1,3.4,2.25,3.34,3.52,2.1,3.4,3.3,2.26,3.48,3.34,2.28,3.48,3.65,2.18,3.35,3.45,2.24,3.45,3.7,2,1.8,2.09,1.83,2.11,1.97,2,1.84,2.08,1.9,-0.25,1.92,2.01,1.93,1.99,1.93,2.05,1.87,1.98,1.92,2.06
F1,23/02/2025,19:45,Lyon,Paris SG,2,3,A,0,0,D,,14,15,7,8,12,8,5,4,1,1,0,0,4.2,4.33,1.7,,,,4.33,4.33,1.7,4.48,4.29,1.72,4,4,1.7,4.35,4.55,1.77,4.5,4.55,1.77,4.25,4.26,1.72,4.5,4.6,1.76,1.4,3,1.44,2.88,1.44,3.05,1.4,2.91,1.44,3.05,0.75,1.99,1.91,1.99,1.92,2,1.94,1.93,1.89,2.02,1.92,5.5,4.5,1.5,,,,5.5,4.5,1.44,5.99,4.79,1.53,5,4.6,1.5,5.95,4.67,1.54,6.2,4.9,1.56,5.83,4.68,1.51,6.4,5,1.55,1.4,3,1.43,2.96,1.44,3.16,1.41,2.96,1.47,3.1,1.25,1.85,2.08,1.85,2.08,1.91,2.11,1.83,2.03,1.9,2.09
F2,21/02/2025,19:00,Bastia,Red Star,1,0,H,0,0,D,,15,5,8,1,13,14,1,2,4,1,0,0,1.73,3.5,4.5,,,,1.7,3.5,5,1.76,3.6,5.08,1.75,3.4,4.6,1.75,3.68,4.81,1.79,3.68,5.11,1.74,3.47,4.72,1.79,3.7,5.4,2.1,1.7,2.14,1.75,2.25,1.75,2.1,1.71,2.22,1.78,-0.75,2.03,1.83,2.01,1.88,2.06,1.93,1.98,1.81,2.03,1.91,1.9,3.2,4.2,,,,1.85,3.2,4.6,1.95,3.23,4.57,1.95,3.25,4,1.94,3.31,4.59,1.99,3.5,4.8,1.89,3.2,4.38,2,3.3,5,2.4,1.53,2.5,1.56,2.5,1.6,2.39,1.55,2.6,1.6,-0.5,1.98,1.88,1.96,1.93,2,2.05,1.89,1.9,2,1.98
F2,21/02/2025,19:00,Dunkerque,Clermont,3,0,H,2,0,H,,15,7,9,4,13,10,9,4,2,1,0,0,1.8,3.2,4.5,,,,1.85,3.2,4.5,1.88,3.46,4.55,1.85,3.3,4.2,1.88,3.5,4.25,1.9,3.5,4.55,1.84,3.32,4.34,1.95,3.45,4.8,2.15,1.67,2.24,1.69,2.28,1.69,2.18,1.66,2.3,1.73,-0.5,1.88,1.98,1.88,2,1.9,2.04,1.85,1.93,1.95,2.02,1.75,3.25,4.75,,,,1.75,3.4,4.6,1.78,3.64,4.93,1.8,3.4,4.5,1.82,3.42,5.2,1.87,3.64,5.2,1.77,3.42,4.68,1.85,3.65,5.2,2.08,1.73,2.12,1.76,2.21,1.8,2.1,1.71,2.2,1.8,-0.75,2.03,1.83,2.03,1.86,2.11,1.88,2.02,1.8,2.11,1.88
F2,21/02/2025,19:00,Grenoble,Guingamp,1,1,D,1,0,H,,9,24,7,10,16,8,1,6,1,1,0,0,2.9,3.1,2.35,,,,3,3.1,2.3,3.16,3.18,2.45,3.1,3.1,2.38,3.12,3.1,2.44,3.16,3.2,2.46,3.02,3.11,2.38,3.25,3.25,2.5,2.1,1.7,2.17,1.73,2.21,1.73,2.11,1.7,2.24,1.76,0.25,1.72,2.04,1.78,2.13,1.83,2.14,1.77,2.02,1.85,2.12,3,3.1,2.35,,,,3.1,3,2.38,3.22,3.05,2.5,3,3,2.45,3.13,3.24,2.45,3.22,3.24,2.5,3.07,3.03,2.4,3.25,3.25,2.52,2.08,1.73,2.16,1.74,2.21,1.75,2.12,1.7,2.2,1.82,0.25,1.8,2.05,1.79,2.12,1.83,2.16,1.77,2.04,1.85,2.13
F2,21/02/2025,19:00,Martigues,Annecy,2,0,H,1,0,H,,12,12,4,4,13,15,2,1,3,1,0,0,3.3,3.3,2.05,,,,3.5,3.2,2.1,3.56,3.46,2.13,3.3,3.25,2.15,3.44,3.44,2.12,3.56,3.46,2.21,3.36,3.3,2.12,3.75,3.45,2.22,2.08,1.73,2.13,1.76,2.21,1.76,2.08,1.72,2.18,1.8,0.25,2.03,1.83,2.05,1.84,2.07,1.9,1.96,1.83,2.07,1.89,3.4,3.3,2.05,,,,3.4,3.2,2.15,3.78,3.24,2.14,3.4,3.25,2.15,3.57,3.42,2.16,3.78,3.45,2.19,3.48,3.25,2.11,3.65,3.4,2.26,2.1,1.7,2.16,1.74,2.32,1.75,2.11,1.71,2.2,1.8,0.25,2.05,1.8,2.06,1.83,2.11,1.86,1.99,1.82,2.17,1.83
F2,21/02/2025,19:00,Paris FC,Troyes,1,0,H,0,0,D,,9,11,1,2,11,16,3,5,4,1,0,0,1.73,3.5,4.75,,,,1.75,3.25,5,1.79,3.4,5.25,1.8,3.4,4.6,1.78,3.58,4.72,1.81,3.58,5.25,1.77,3.35,4.82,1.84,3.5,5.6,2.2,1.65,2.26,1.68,2.33,1.68,2.21,1.65,2.32,1.73,-0.75,2.03,1.83,2.06,1.83,2.09,1.85,2.01,1.78,2.09,1.87,1.75,3.4,4.5,,,,1.75,3.25,5,1.83,3.35,5.1,1.85,3.3,4.4,1.81,3.57,4.92,1.88,3.57,5.1,1.81,3.28,4.71,1.87,3.5,5.4,2.15,1.67,2.26,1.68,2.32,1.72,2.21,1.65,2.28,1.77,-0.5,1.83,2.03,1.83,2.06,1.87,2.09,1.82,1.97,1.87,2.13
F2,21/02/2025,19:00,Rodez,Amiens,1,1,D,1,0,H,,17,5,3,2,18,14,13,3,2,4,0,0,1.63,3.75,4.75,,,,1.67,3.75,4.75,1.7,3.84,5.14,1.73,3.8,4.5,1.73,3.95,4.52,1.74,3.95,5.14,1.69,3.7,4.7,1.74,4.1,5.1,1.73,2.08,1.75,2.15,1.78,2.17,1.74,2.06,1.82,2.2,-0.75,1.88,1.98,1.92,1.97,1.95,2.04,1.89,1.9,1.93,2.01,1.5,4.1,6,,,,1.47,4.1,6.5,1.52,4.18,6.83,1.53,4.2,5.8,1.54,4.26,6.5,1.54,4.35,6.83,1.5,4.11,6.24,1.54,4.5,7,1.67,2.15,1.72,2.18,1.73,2.25,1.68,2.14,1.75,2.3,-1,1.85,2,1.88,2.01,1.89,2.04,1.84,1.96,1.89,2.08
F2,22/02/2025,13:00,Caen,Pau FC,2,2,D,1,1,D,,12,10,6,3,25,20,5,2,5,4,1,1,2.2,3.2,3.25,,,,2.3,3.25,3,2.26,3.43,3.22,2.3,3.25,2.9,2.26,3.46,3.12,2.38,3.46,3.25,2.28,3.29,3.03,2.32,3.4,3.1,2,1.85,1.95,1.9,2.04,1.9,1.94,1.84,1.41,1.79,-0.25,1.95,1.9,1.95,1.92,2.05,1.94,1.96,1.82,2,1.87,2.15,3.4,3.2,,,,2.3,3.3,2.8,2.21,3.53,3.3,2.25,3.4,3,2.18,3.6,3.34,2.31,3.6,3.35,2.18,3.4,3.16,2.3,3.55,3.45,1.8,2,1.81,2.06,1.85,2.13,1.79,2,1.87,2.12,-0.25,1.85,2,1.92,1.97,1.97,2.06,1.89,1.92,1.97,2.02
F2,22/02/2025,13:00,Lorient,Laval,0,1,A,0,0,D,,17,7,5,3,16,13,4,3,2,4,0,0,1.45,4.1,6.5,,,,1.4,4.33,7,1.46,4.45,7.14,1.44,4,6.5,1.47,4.4,6.91,1.49,4.45,7.14,1.45,4.22,6.62,1.48,4.4,6,1.88,1.98,1.88,1.97,1.93,1.99,1.85,1.93,1.78,1.85,-1,1.78,2.1,1.79,2.09,1.85,2.1,1.78,2.01,1.71,1.93,1.35,4.33,8,,,,1.36,4.5,9,1.39,4.66,8.9,1.4,4.5,8,1.43,4.66,8.27,1.43,4.75,9,1.38,4.47,8.13,1.42,4.8,10.5,2,1.85,2.02,1.85,2.06,1.95,1.94,1.84,2.02,1.93,-1.25,1.95,1.9,1.98,1.91,2,1.96,1.93,1.87,2,1.96
F2,22/02/2025,19:00,Metz,Ajaccio,0,1,A,0,0,D,,18,6,4,2,16,12,4,2,4,1,0,0,1.44,4.2,6.5,,,,1.4,4.2,7.5,1.43,4.25,7.73,1.44,4,7.5,1.45,4.3,7.7,1.47,4.5,7.75,1.44,4.13,7.21,1.46,4.2,7.4,2.1,1.7,2.09,1.76,2.21,1.76,2.07,1.72,1.93,1.64,-1,1.8,2.05,1.78,2.11,1.85,2.11,1.77,2.03,1.67,1.98,1.42,4.2,7,,,,1.36,4,8.5,1.42,4.43,8.62,1.4,4.2,8,1.49,4.4,7.33,1.49,4.6,8.62,1.41,4.23,7.84,1.46,4.4,10,2.1,1.7,2.12,1.77,2.32,1.78,2.1,1.71,2.2,1.8,-1.25,2.03,1.83,2.06,1.84,2.12,1.88,2.01,1.8,2.14,1.85
G1,22/02/2025,15:00,Athens Kallithea,OFI Crete,1,3,A,0,3,A,,18,9,8,6,12,10,10,3,1,4,0,0,2.4,3.2,3,,,,2.4,3.2,2.9,2.44,3.17,3.03,2.38,3.25,2.8,2.41,3.38,2.93,2.45,3.38,3.03,2.4,3.2,2.91,2.5,3.25,3,2.05,1.75,2.05,1.79,2.11,1.81,2.01,1.77,2,1.69,-0.25,2.1,1.78,2.1,1.78,2.13,1.8,2.05,1.75,2.12,1.76,2.4,3.2,3,,,,2.4,3,3.1,2.54,3.12,3.09,2.3,3.2,2.9,2.45,3.2,2.87,2.54,3.31,3.1,2.4,3.17,2.96,2.6,3.15,3.2,2.03,1.83,2.04,1.84,2.04,1.85,2.01,1.79,2.08,1.86,-0.25,2.1,1.78,2.15,1.76,2.17,1.8,2.05,1.76,2.2,1.8
G1,22/02/2025,17:30,Atromitos,Panserraikos,1,0,H,0,0,D,,15,8,5,4,15,6,6,4,1,1,0,0,1.73,3.5,5,,,,1.75,3.4,4.75,1.72,3.56,5.06,1.75,3.4,4.6,1.76,3.64,4.77,1.81,3.64,5.06,1.75,3.47,4.67,1.82,3.4,5.3,2.2,1.65,2.17,1.69,2.22,1.69,2.16,1.67,2.26,1.69,-0.75,2,1.85,1.98,1.87,2.07,1.89,2,1.79,2.07,1.86,1.62,3.75,5.5,,,,1.57,3.5,5,1.61,3.86,6.08,1.67,3.5,5,1.61,3.74,5.49,1.72,3.86,6.08,1.63,3.66,5.41,1.67,4,6.4,2.08,1.73,2.11,1.77,2.19,1.79,2.1,1.72,2.16,1.85,-0.75,1.8,2.05,1.81,2.09,1.86,2.09,1.82,1.99,1.87,2.11
G1,22/02/2025,18:00,Volos NFC,Levadeiakos,1,2,A,1,0,H,,8,10,1,3,16,9,4,2,5,2,0,0,2.35,2.9,3.4,,,,2.3,2.9,3.3,2.38,2.98,3.33,2.3,2.9,3.1,2.36,3.13,3.24,2.38,3.13,3.4,2.35,2.95,3.23,2.4,2.72,3.4,2.6,1.48,2.61,1.49,2.63,1.5,2.54,1.48,2.38,1.41,-0.25,2.03,1.83,2.03,1.83,2.06,1.85,1.99,1.8,2.1,1.79,2.55,2.9,3.1,,,,2.55,2.8,3.1,2.64,2.93,3.16,2.5,2.9,2.9,2.53,2.88,3.07,2.64,2.98,3.16,2.53,2.9,3.03,2.7,2.94,3.3,2.5,1.5,2.59,1.53,2.6,1.53,2.48,1.51,2.66,1.59,0,1.75,2.13,1.78,2.14,1.81,2.14,1.75,2.09,1.79,2.2
G1,23/02/2025,14:30,Aris,Panetolikos,2,1,H,2,0,H,,23,7,10,1,8,12,4,6,1,3,0,0,1.55,3.9,6,,,,1.5,3.9,6.5,1.52,3.87,6.87,1.55,3.6,6,1.57,3.9,6.3,1.57,3.9,6.87,1.53,3.79,6.22,1.3,2.98,6.6,2.2,1.65,2.23,1.66,2.23,1.7,2.19,1.65,2.06,1.16,-1,2,1.85,1.98,1.85,2.07,1.87,1.98,1.81,,,1.44,4.2,7.5,,,,1.4,3.9,8.5,1.43,4.15,9.4,1.44,3.9,7.5,1.44,4.18,7.46,1.46,4.2,9.5,1.44,4,8.05,1.5,4.2,9.6,2.2,1.65,2.25,1.68,2.25,1.68,2.21,1.65,2.34,1.71,-1,1.78,2.1,1.77,2.13,1.81,2.17,1.78,2.04,1.87,2.09
G1,23/02/2025,15:00,Lamia,Panathinaikos,3,1,H,1,0,H,,8,21,4,9,11,14,5,6,2,4,0,0,10,4.75,1.33,,,,10.5,5,1.29,8.95,4.98,1.33,9.5,4.5,1.35,10,4.9,1.34,10.5,5,1.35,8.9,4.75,1.33,8.4,4.6,1.32,1.98,1.88,1.94,1.88,2.02,1.9,1.93,1.85,1.7,1.16,1.25,2.03,1.83,2.03,1.82,2.03,1.87,1.97,1.81,,,13,5.5,1.25,,,,13,5.5,1.17,13.95,6.16,1.24,13,5,1.25,12.9,5.44,1.24,14,6.17,1.27,12.6,5.52,1.24,18,6.2,1.26,1.93,1.93,1.89,1.98,1.97,1.99,1.89,1.91,2,1.99,1.5,2.03,1.83,2.07,1.83,2.07,1.87,1.98,1.82,2.06,1.92
G1,23/02/2025,17:30,Asteras Tripolis,AEK,0,3,A,0,0,D,,2,15,0,6,8,10,0,2,1,1,1,0,7,3.9,1.5,,,,7,4,1.47,7.15,4.23,1.46,6.5,3.9,1.44,7.4,4.3,1.46,7.4,4.3,1.5,6.82,4.06,1.46,1.04,4.1,1.09,2.05,1.75,2.03,1.8,2.14,1.85,2.01,1.77,1.93,1.06,1,2.03,1.83,2.06,1.79,2.06,1.89,1.99,1.8,,,7.5,4,1.48,,,,7,3.9,1.4,7.26,4.3,1.48,6.5,3.9,1.44,7.43,3.96,1.46,7.5,4.32,1.48,7.06,4.11,1.46,8.4,4.4,1.51,2.05,1.8,2.07,1.81,2.11,1.83,2.01,1.79,2.12,1.86,1,2.03,1.83,2.06,1.83,2.06,1.85,2.02,1.79,2.09,1.89
G1,23/02/2025,18:30,Olympiakos,PAOK,2,1,H,2,1,H,,18,8,6,6,15,18,2,3,2,2,0,0,1.65,3.75,5.25,,,,1.67,3.6,5,1.62,3.79,5.55,1.65,3.6,5,1.66,3.84,5.3,1.68,3.84,5.55,1.64,3.68,5.12,1.68,3.75,2.28,2.05,1.75,2.05,1.78,2.07,1.86,2,1.78,1.88,1.66,-0.75,1.85,2,1.83,2.02,1.93,2.03,1.84,1.94,,,1.7,3.7,5,,,,1.65,3.7,5,1.7,3.82,5.2,1.7,3.5,4.8,1.68,3.66,4.95,1.73,3.95,5.5,1.68,3.68,5.06,1.74,3.95,5.5,2.05,1.8,2.06,1.83,2.09,1.83,2.03,1.77,2.08,1.89,-0.75,1.93,1.93,1.93,1.96,1.96,1.96,1.89,1.91,1.97,2.01
I1,21/02/2025,19:45,Lecce,Udinese,0,1,A,0,1,A,,10,12,1,5,15,11,11,8,1,3,0,0,3,3,2.6,,,,3,3,2.63,3.03,3.1,2.67,2.9,2.9,2.5,3.1,3.15,2.67,3.1,3.15,2.67,2.99,3.05,2.61,3.15,3.2,2.68,2.3,1.62,2.36,1.65,2.4,1.68,2.3,1.64,2.42,1.69,0,2.11,1.82,2.1,1.84,2.14,1.85,2.07,1.81,2.17,1.84,2.9,3,2.63,,,,3,3,2.55,3.02,3,2.75,2.9,2.9,2.5,3.1,3.08,2.61,3.15,3.08,2.75,3.01,3,2.65,3.05,3.1,2.78,2.3,1.62,2.4,1.63,2.44,1.66,2.34,1.62,2.5,1.65,0,2.07,1.86,2.06,1.87,2.1,1.87,2.07,1.82,2.1,1.9
I1,22/02/2025,14:00,Parma,Bologna,2,0,H,1,0,H,,4,16,3,1,14,13,0,4,2,1,0,0,4,3.5,1.91,,,,4.2,3.6,1.91,4.06,3.71,1.93,3.9,3.4,1.91,4.34,3.7,1.94,4.34,3.77,1.95,4.03,3.63,1.92,4.3,3.75,1.97,1.91,1.99,1.89,1.99,1.94,2.01,1.88,1.96,1.93,2.02,0.5,1.97,1.93,1.97,1.93,1.98,1.95,1.93,1.91,2.02,1.97,4.75,3.75,1.72,,,,4.5,3.4,1.75,5.07,3.64,1.79,4.5,3.5,1.8,4.65,3.81,1.81,5.07,3.81,1.95,4.68,3.63,1.8,5.2,3.7,1.85,2,1.9,2.02,1.89,2.02,2.01,1.95,1.9,2.02,1.95,0.5,2.08,1.73,2.14,1.79,2.16,1.89,2.06,1.8,2.16,1.85
I1,22/02/2025,14:00,Venezia,Lazio,0,0,D,0,0,D,,9,9,2,3,21,12,6,6,4,2,0,0,5,4,1.67,,,,5,3.9,1.67,5.32,4.11,1.65,4.75,3.9,1.67,5.22,4.19,1.71,5.4,4.2,1.71,5.08,4.06,1.66,5.5,4.2,1.71,1.8,2,1.81,2.08,1.84,2.13,1.79,2.06,1.85,2.1,0.75,2.06,1.84,2.07,1.84,2.07,1.87,2.01,1.82,2.08,1.9,5.75,4,1.57,,,,5.5,3.75,1.57,6.02,4.02,1.61,5,3.9,1.62,6.06,4.15,1.6,6.06,4.2,1.68,5.67,4.02,1.61,6.2,4,1.67,1.97,1.93,1.98,1.93,1.98,2.06,1.88,1.97,1.98,2,1,1.85,2.08,1.85,2.08,1.88,2.19,1.82,2.05,1.86,2.15
I1,22/02/2025,17:00,Torino,Milan,2,1,H,1,0,H,,9,26,3,8,14,5,4,11,1,1,0,0,3.9,3.3,2,,,,4,3.3,2,4,3.43,2.03,3.75,3.3,2,3.98,3.62,2.05,4.1,3.62,2.06,3.86,3.39,2.03,4.2,3.45,2.08,2.1,1.73,2.13,1.77,2.19,1.81,2.11,1.75,2.18,1.81,0.5,1.85,2.05,1.87,2.04,1.87,2.07,1.83,2.03,1.9,2.08,3.9,3.7,1.85,,,,4.1,3.6,1.85,4.2,3.75,1.91,3.9,3.4,1.95,4.2,3.83,1.88,4.3,3.83,1.99,4.08,3.65,1.9,4.4,3.8,1.96,1.8,2,1.86,2.05,1.95,2.11,1.84,2,1.87,2.12,0.5,2.01,1.92,2.01,1.92,2.03,1.96,1.96,1.91,2.03,1.96
I1,22/02/2025,19:45,Inter,Genoa,1,0,H,0,0,D,,18,11,5,2,7,14,6,7,0,2,0,0,1.27,5.25,13,,,,1.25,5.5,11,1.26,6.13,11.46,1.25,5.5,11,1.29,6.34,12.4,1.29,6.5,13,1.26,5.9,11.5,1.31,6,13,1.67,2.2,1.69,2.23,1.73,2.33,1.67,2.23,1.72,2.32,-1.5,1.84,2.06,1.81,2.07,1.87,2.1,1.81,2.03,1.91,2.04,1.33,5,10,,,,1.25,5,11,1.31,5.55,11.78,1.3,5,10,1.35,5.09,10.6,1.35,5.6,12,1.31,5.33,10.86,1.32,5.7,14.5,1.76,1.96,1.81,2.11,1.82,2.21,1.78,2.07,1.83,2.18,-1.5,1.95,1.98,1.97,1.95,1.99,1.99,1.93,1.93,2,1.98
I1,23/02/2025,11:30,Como,Napoli,2,1,H,1,1,D,,8,13,3,4,17,14,4,6,1,3,0,0,3.6,3,2.25,,,,3.6,3.1,2.2,3.6,3.2,2.26,3.4,3.1,2.15,3.67,3.36,2.25,3.67,3.36,2.28,3.54,3.17,2.22,3.75,3.3,2.32,2.2,1.67,2.26,1.69,2.28,1.74,2.2,1.69,2.3,1.72,0.25,1.98,1.92,1.98,1.93,1.99,1.95,1.95,1.87,2.02,1.96,3.6,3,2.3,,,,3.5,3,2.25,3.63,3.1,2.36,3.1,3,2.38,3.88,3.05,2.25,3.88,3.16,2.38,3.54,3.05,2.31,3.75,3.15,2.36,2.38,1.57,2.43,1.67,2.49,1.85,2.32,1.63,2.5,1.65,0.25,1.95,1.98,1.93,2,1.99,2.03,1.91,1.95,1.99,1.99
I1,23/02/2025,14:00,Verona,Fiorentina,1,0,H,0,0,D,,7,8,3,3,19,8,4,1,3,3,0,0,4.33,3.4,1.9,,,,4.33,3.4,1.91,4.29,3.61,1.91,4,3.5,1.85,4.24,3.77,1.95,4.33,3.77,1.95,4.16,3.54,1.9,4.5,3.6,1.99,2.03,1.87,2.03,1.86,2.04,1.91,1.99,1.85,2.06,1.9,0.5,1.99,1.91,1.99,1.92,2,1.92,1.95,1.89,2.01,1.97,3.6,3.3,2.05,,,,3.8,3.1,1.95,4.03,3.28,2.1,3.6,3.25,2.05,3.89,3.42,2.08,4.1,3.42,2.13,3.85,3.31,2.07,4.1,3.4,2.14,2.3,1.62,2.35,1.65,2.51,1.83,2.21,1.69,2.38,1.71,0.5,1.73,2.08,1.83,2.11,1.85,2.13,1.8,2.08,1.87,2.14
I1,23/02/2025,17:00,Empoli,Atalanta,0,5,A,0,3,A,,10,14,1,8,4,17,3,4,0,1,0,0,6.25,3.9,1.57,,,,6.5,4.1,1.55,5.89,4.27,1.58,5,4,1.57,6.05,4.4,1.61,6.5,4.4,1.61,5.82,4.16,1.56,6.8,4.3,1.6,1.8,2,1.81,2.08,1.87,2.11,1.79,2.05,1.84,2.12,1,1.91,1.99,1.93,1.97,1.93,2.02,1.89,1.95,1.94,2,6.5,4.5,1.48,,,,6,4.2,1.44,6.96,4.54,1.5,6,4.33,1.44,6.63,4.59,1.51,7.03,4.6,1.52,6.59,4.47,1.49,7.4,4.7,1.52,1.67,2.2,1.72,2.22,1.74,2.32,1.7,2.19,1.76,2.28,1.25,1.75,2.05,1.83,2.11,1.92,2.14,1.8,2.07,1.84,2.15
I1,23/02/2025,19:45,Cagliari,Juventus,0,1,A,0,1,A,,8,14,2,7,9,15,3,4,0,1,0,0,4.1,3.5,1.9,,,,4.1,3.5,1.95,4.08,3.53,1.97,4,3.5,1.85,4.12,3.75,1.98,4.4,3.75,2,4,3.51,1.94,4.3,3.65,1.98,2.03,1.87,2.05,1.85,2.06,1.89,2.01,1.83,2.04,1.91,0.5,1.95,1.95,1.92,1.98,1.97,2,1.91,1.94,1.98,1.98,4.5,3.4,1.83,,,,4.5,3.2,1.8,4.92,3.48,1.85,4.4,3.3,1.85,4.88,3.5,1.85,4.93,3.5,1.92,4.66,3.41,1.86,5,3.5,1.93,2.1,1.73,2.16,1.76,2.19,1.8,2.12,1.74,2.2,1.82,0.5,2.07,1.86,2.07,1.86,2.07,1.89,2.01,1.86,2.07,1.92
I2,21/02/2025,19:30,Sampdoria,Sassuolo,0,0,D,0,0,D,,4,5,2,2,14,15,5,3,5,3,0,0,3.3,3.1,2.25,,,,3.3,2.9,2.25,3.46,3.08,2.38,3.3,3.2,2.2,3.32,3.14,2.32,3.47,3.14,2.42,3.26,3,2.33,3.55,3.2,2.44,2.08,1.73,2.2,1.73,2.21,1.78,2.12,1.7,2.22,1.79,0.25,1.88,1.98,1.89,2.02,1.93,2.02,1.83,1.97,1.92,2.06,3.5,3.1,2.15,,,,3.5,2.9,2.25,3.72,3.1,2.26,3.3,3.2,2.2,3.48,3.14,2.22,3.73,3.2,2.42,3.41,3.01,2.27,3.6,3.2,2.4,2.05,1.75,2.13,1.78,2.14,1.81,2.07,1.74,2.18,1.83,0.25,1.98,1.88,1.99,1.92,2,2.01,1.88,1.93,1.94,2.04
I2,22/02/2025,14:00,Cittadella,Modena,0,2,A,0,1,A,,13,16,2,5,20,12,5,2,1,2,0,0,3,2.9,2.55,,,,2.9,3,2.5,3.12,2.9,2.68,3,2.88,2.5,3.04,2.92,2.63,3.13,3.1,2.69,2.99,2.88,2.57,3.15,3,2.66,2.4,1.53,2.48,1.55,2.5,1.57,2.41,1.54,2.5,1.59,0,2.1,1.78,2.11,1.79,2.16,1.8,2.06,1.76,2.14,1.8,3.4,2.75,2.4,,,,3.25,2.63,2.38,3.59,2.81,2.51,3,2.88,2.5,3.41,2.81,2.46,3.59,3.01,2.51,3.38,2.78,2.42,3.6,2.9,2.62,2.5,1.5,2.6,1.53,2.6,1.54,2.5,1.51,2.74,1.57,0.25,1.8,2.05,1.83,2.09,1.87,2.12,1.8,2.03,1.85,2.17
I2,22/02/2025,14:00,Mantova,Bari,0,1,A,0,0,D,,7,14,4,4,13,21,1,9,3,3,0,0,2.55,3.25,2.75,,,,2.6,3.2,2.75,2.67,3.21,2.85,2.5,3.1,2.8,2.62,3.18,2.78,2.67,3.25,2.85,2.57,3.15,2.76,2.66,3.25,2.88,2.05,1.75,2.06,1.78,2.08,1.81,2.03,1.76,2.08,1.71,0,1.83,2.03,1.88,2.01,1.88,2.09,1.83,1.98,1.87,2.02,2.5,3,3,,,,2.4,2.8,3,2.59,2.9,3.3,2.5,3.1,2.8,2.55,3,3,2.61,3.2,3.41,2.47,2.91,3.14,2.68,3.05,3.3,2.3,1.6,2.39,1.63,2.46,1.7,2.27,1.61,2.44,1.68,-0.25,2.1,1.7,2.17,1.77,2.2,1.8,2.08,1.75,2.24,1.79
I2,22/02/2025,14:00,Pisa,Juve Stabia,3,1,H,0,0,D,,12,6,6,4,21,17,4,0,2,2,0,1,1.9,3.25,4.33,,,,1.91,3.2,4.5,1.93,3.25,4.69,1.91,3.1,4.4,1.93,3.26,4.4,1.93,3.29,4.7,1.89,3.16,4.44,1.92,3.2,5,2.4,1.53,2.52,1.55,2.55,1.55,2.46,1.52,2.58,1.58,-0.5,1.9,1.95,1.93,1.95,1.93,1.99,1.88,1.9,1.92,1.99,1.79,3.4,4.5,,,,1.75,2.9,5,1.86,3.12,5.59,1.91,3.1,4.4,1.84,3.41,4.52,1.94,3.41,5.68,1.83,3.13,4.94,1.91,3.25,5.7,2.35,1.57,2.47,1.58,2.47,1.62,2.39,1.56,2.48,1.65,-0.5,1.83,2.03,1.87,2.04,1.87,2.09,1.83,1.97,1.91,2.08
I2,22/02/2025,14:00,Reggiana,Carrarese,2,2,D,1,1,D,,11,10,4,3,8,16,5,4,2,3,0,0,2.25,2.8,3.75,,,,2.2,3,3.6,2.34,2.75,4.02,2.25,2.9,3.5,2.24,2.94,3.76,2.35,3,4.02,2.26,2.8,3.74,2.3,2.92,3.95,2.5,1.5,2.61,1.5,2.63,1.53,2.52,1.49,2.58,1.55,-0.25,1.93,1.93,1.94,1.94,1.94,2,1.89,1.91,1.93,1.97,2.01,2.82,4.5,,,,2,2.7,4.33,2.12,2.84,4.76,2.25,2.9,3.5,2.05,2.88,4.5,2.19,3.06,4.76,2.08,2.84,4.25,2.16,2.98,4.8,2.6,1.48,2.67,1.51,2.74,1.51,2.59,1.48,2.76,1.55,-0.25,1.7,2.1,1.76,2.18,1.83,2.24,1.75,2.09,1.8,2.23
I2,22/02/2025,16:15,Cremonese,Cesena,1,2,A,1,1,D,,13,11,6,2,23,13,4,6,4,1,0,0,1.75,3.5,4.75,,,,1.75,3.5,4.75,1.79,3.52,4.72,1.83,3.3,4.6,1.81,3.52,4.63,1.82,3.64,4.75,1.78,3.43,4.58,1.77,3,4.3,2.1,1.7,2.11,1.75,2.21,1.76,2.09,1.71,2.08,1.7,-0.75,2.03,1.83,2.07,1.82,2.07,1.88,2.02,1.78,1.98,1.74,1.83,3.3,4.5,,,,1.8,3.2,4.75,1.86,3.27,5.19,1.83,3.3,4.6,1.86,3.34,4.55,1.92,3.53,5.19,1.86,3.25,4.53,1.91,3.4,5.2,2.25,1.62,2.3,1.67,2.32,1.69,2.23,1.63,2.38,1.7,-0.5,1.83,2.03,1.87,2.04,1.92,2.09,1.85,1.95,1.91,2.07
I2,23/02/2025,14:00,Brescia,Sudtirol,0,0,D,0,0,D,,26,7,9,2,8,13,5,5,0,2,0,0,2.3,3.1,3.25,,,,2.3,3.1,3.3,2.44,2.89,3.41,2.4,2.9,3.2,2.43,2.95,3.32,2.44,3.1,3.41,2.35,2.93,3.27,2.4,2.88,3.3,2.3,1.6,2.4,1.59,2.4,1.62,2.31,1.59,2.22,1.52,-0.25,2.03,1.83,2.05,1.81,2.05,1.9,1.98,1.81,,,2.3,2.9,3.5,,,,2.25,2.7,3.4,2.43,2.82,3.74,2.4,2.9,3.2,2.32,2.92,3.52,2.47,2.92,3.74,2.36,2.81,3.48,2.44,2.98,3.9,2.4,1.53,2.56,1.55,2.56,1.57,2.44,1.53,2.6,1.62,-0.25,1.98,1.88,2.02,1.88,2.02,1.93,1.97,1.84,2.04,1.93
I2,23/02/2025,14:00,Cosenza,Palermo,0,3,A,0,1,A,,17,11,6,6,17,11,11,2,2,2,0,0,2.9,3.1,2.5,,,,2.88,3.1,2.55,3.09,3.03,2.53,2.9,3.1,2.5,3.02,3.14,2.49,3.09,3.14,2.55,2.97,2.99,2.48,3.05,3.1,2.52,2.15,1.67,2.18,1.7,2.21,1.7,2.14,1.67,2.18,1.71,0,2.1,1.78,2.14,1.75,2.14,1.8,2.07,1.75,,,3.5,3.1,2.2,,,,3.5,2.8,2.1,3.93,2.99,2.25,2.9,3.1,2.5,3.51,3.11,2.21,3.93,3.11,2.38,3.55,2.94,2.24,3.9,3.1,2.32,2.2,1.65,2.23,1.71,2.28,1.72,2.18,1.66,2.32,1.73,0.25,1.98,1.88,2.01,1.89,2.02,2,1.92,1.9,2.04,1.95
I2,23/02/2025,14:00,Spezia,Catanzaro,0,1,A,0,0,D,,20,11,3,4,20,21,4,1,5,4,1,1,1.6,3.75,5.75,,,,1.57,3.9,5.5,1.6,3.94,5.65,1.65,3.6,5,1.63,3.9,5.5,1.63,3.97,5.8,1.59,3.8,5.47,1.61,3.9,5.7,1.98,1.88,1.96,1.88,2.02,1.95,1.93,1.85,1.84,1.84,-0.75,1.75,2.05,1.78,2.09,1.83,2.09,1.76,2.04,,,1.53,3.9,6.25,,,,1.5,3.6,6,1.57,3.89,7.03,1.65,3.6,5,1.57,3.94,6.07,1.58,4.2,7.03,1.54,3.86,6.33,1.62,4.1,7.2,2.03,1.83,2.02,1.87,2.06,1.91,1.94,1.84,2.04,1.93,-1,1.95,1.9,1.98,1.93,2.02,1.95,1.92,1.89,2.03,1.92
I2,23/02/2025,16:15,Salernitana,Frosinone,1,1,D,0,1,A,,16,9,5,3,18,21,3,3,1,5,0,2,2,3.4,3.75,,,,2,3.2,3.8,2.05,3.3,3.86,2.05,3.2,3.7,2.06,3.3,3.8,2.09,3.4,3.86,2.02,3.22,3.72,1.83,3.2,3.45,2.2,1.65,2.22,1.68,2.23,1.69,2.17,1.65,2.16,1.59,-0.5,2.05,1.8,2.06,1.81,2.11,1.82,2.02,1.77,,,2.15,3.1,3.6,,,,2.1,2.8,3.7,2.23,2.98,4,2.05,3.2,3.7,2.17,3.12,3.62,2.26,3.12,4,2.18,2.96,3.7,2.28,3.1,4.1,2.3,1.6,2.38,1.63,2.4,1.67,2.28,1.61,2.46,1.66,-0.25,1.85,2,1.88,2.03,1.9,2.06,1.85,1.97,1.91,2.08
N1,22/02/2025,19:00,Feyenoord,Almere City,2,1,H,1,1,D,,18,13,7,2,8,12,7,2,0,1,0,0,1.22,6.5,13,,,,1.18,7,12,1.2,7.34,11.01,1.22,6.5,12,1.22,6.7,12,1.22,7.9,13,1.2,6.98,11.81,1.24,8,14.5,1.44,2.7,1.45,2.73,1.49,2.88,1.43,2.73,1.46,2.96,-2,2.06,1.84,2.05,1.81,2.07,1.87,2.02,1.81,2.01,1.86,1.22,6,13,,,,1.18,6,12,1.22,7.04,12.34,1.22,6,11,1.25,6.43,13.4,1.25,7.2,13.4,1.22,6.6,12.29,1.25,7,15.5,1.48,2.6,1.5,2.64,1.56,2.69,1.49,2.6,1.53,2.82,-1.75,1.86,2.04,1.86,2.03,1.9,2.08,1.84,2.01,1.89,2.08
N1,23/02/2025,13:30,Ajax,Go Ahead Eagles,2,0,H,0,0,D,,21,6,6,1,9,12,3,3,2,2,0,1,1.57,4.5,5,,,,1.55,4.33,5,1.52,4.35,5.03,1.57,4.5,4.8,1.6,4.8,4.59,1.6,4.8,5.8,1.55,4.48,5.01,1.58,4.6,5.7,1.5,2.5,1.52,2.55,1.55,2.63,1.51,2.49,1.53,2.66,-1,1.95,1.95,1.88,1.88,1.99,1.98,1.9,1.91,1.83,1.84,1.45,4.75,6,,,,1.4,4.4,6.5,1.49,4.73,6.49,1.44,4.75,6,1.49,5.1,6.65,1.5,5.1,7,1.47,4.71,6.37,1.48,5,7.6,1.5,2.5,1.53,2.6,1.53,2.69,1.5,2.59,1.55,2.78,-1.25,2.01,1.89,2.01,1.89,2.04,1.97,1.97,1.88,2.03,1.94
N1,23/02/2025,13:30,Twente,Nijmegen,2,0,H,1,0,H,,13,11,5,2,11,8,2,4,1,2,0,0,1.6,4.2,5.25,,,,1.55,4.2,5.5,1.57,4.29,5.35,1.6,4,5,1.59,4.33,5.25,1.6,4.4,5.8,1.56,4.28,5.3,1.6,1.09,5.7,1.62,2.25,1.64,2.28,1.67,2.4,1.61,2.27,1.53,2.1,-1,2.02,1.88,1.98,1.88,2.04,1.97,1.96,1.87,1.88,1.74,1.53,4.33,5.5,,,,1.44,4.1,6,1.55,4.48,6.01,1.55,4.2,5.5,1.53,4.55,5.6,1.57,4.6,6.75,1.52,4.41,5.88,1.55,4.6,7,1.57,2.35,1.61,2.4,1.61,2.47,1.57,2.38,1.61,2.56,-1,1.88,2.02,1.88,2.03,1.91,2.09,1.85,2,1.89,2.1
N1,23/02/2025,15:45,AZ Alkmaar,For Sittard,1,0,H,0,0,D,,14,9,6,4,13,13,9,1,2,3,0,0,1.38,4.75,8.5,,,,1.33,5,8.5,1.39,4.85,7.71,1.36,4.75,8.5,1.38,4.85,8.3,1.39,5.1,8.75,1.37,4.87,8.02,1.19,5.2,1.04,1.65,2.2,1.67,2.24,1.68,2.34,1.64,2.22,1.56,2.1,-1.25,1.85,2.05,1.85,2,1.85,2.08,1.82,1.99,,,1.27,5.5,12,,,,1.22,5,11,1.28,5.72,11.09,1.25,5.5,11,1.3,5.61,11.8,1.31,6,12,1.28,5.55,11.08,1.3,6,14,1.6,2.3,1.64,2.31,1.7,2.43,1.62,2.29,1.68,2.42,-1.5,1.78,2.03,1.82,2.05,1.89,2.11,1.82,2.02,1.85,2.13
P1,21/02/2025,20:15,Sp Braga,Nacional,1,0,H,1,0,H,,20,8,7,3,14,14,7,6,1,2,0,0,1.57,3.8,6,,,,1.53,4.1,6,1.58,4.1,6.14,1.55,3.8,5,1.59,4.2,5.4,1.61,4.2,6.2,1.57,4.05,5.81,1.59,4.4,6.6,1.73,2.08,1.78,2.12,1.78,2.2,1.73,2.1,1.82,2.18,-1,2.02,1.88,2.02,1.88,2.04,1.9,1.97,1.86,2.03,1.94,1.53,3.8,6.5,,,,1.5,4.1,6,1.53,4.16,6.89,1.5,3.9,5.8,1.58,3.94,7.02,1.58,4.33,7.02,1.53,4.11,6.38,1.56,4.4,7.4,1.85,2,1.87,2.03,1.9,2.17,1.8,2.04,1.9,2.08,-1,1.95,1.95,1.93,1.97,2,2,1.91,1.94,2.01,1.97
P1,22/02/2025,15:30,Casa Pia,Gil Vicente,1,0,H,0,0,D,,10,4,1,0,14,10,2,5,1,2,0,0,2.2,3.1,3.5,,,,2.2,3,3.4,2.23,3.11,3.57,2.2,3,3.3,2.23,3.2,3.43,2.29,3.2,3.62,2.22,3.13,3.44,2.3,3.05,3.9,2.5,1.5,2.5,1.55,2.55,1.63,2.44,1.55,2.56,1.57,-0.25,1.92,1.98,1.91,1.96,1.96,2,1.89,1.92,1.93,2,2.2,3.2,3.4,,,,2.2,3,3.5,2.26,3.16,3.63,2.25,2.9,3.1,2.33,3.3,3.37,2.33,3.39,3.64,2.26,3.17,3.39,2.36,3.25,3.65,2.35,1.57,2.46,1.57,2.57,1.65,2.37,1.57,2.56,1.62,-0.25,1.95,1.95,1.93,1.98,1.99,1.98,1.93,1.9,1.99,1.98
P1,22/02/2025,18:00,Benfica,Boavista,3,0,H,1,0,H,,31,6,14,2,10,7,13,2,0,3,0,1,1.11,9,19,,,,1.07,11,26,1.1,10.36,20.94,1.1,9,23,1.09,10.2,24,1.11,12,26,1.1,9.82,22.36,1.11,12,34,1.33,3.4,1.33,3.28,1.37,3.4,1.33,3.24,1.33,3.4,-2.5,1.99,1.91,1.93,1.92,2.01,1.94,1.93,1.88,1.96,1.95,1.14,8,17,,,,1.1,9.5,23,1.13,9.61,21.56,1.14,7,17,1.16,8.81,18,1.16,9.61,23,1.13,8.67,19.06,1.14,10.5,32,1.44,2.7,1.46,2.77,1.49,3,1.44,2.79,1.48,3,-2.25,2.03,1.87,2.01,1.88,2.07,1.89,1.99,1.85,2.02,1.94
P1,22/02/2025,20:30,Estoril,Rio Ave,2,1,H,0,0,D,,11,9,4,4,14,9,0,4,2,1,0,0,2.05,3.4,3.6,,,,2,3.3,3.6,2.06,3.37,3.73,2,3.25,3.4,2.04,3.52,3.61,2.11,3.52,3.8,2.04,3.4,3.64,2.06,3.55,3.95,2.05,1.8,2.07,1.78,2.1,1.9,2.01,1.81,1.94,1.74,-0.5,2.08,1.82,2.08,1.81,2.09,1.85,2.04,1.8,2.06,1.86,2.1,3.4,3.4,,,,2.1,3.3,3.5,2.17,3.41,3.57,2.1,3.25,3.25,2.12,3.51,3.66,2.19,3.72,3.66,2.12,3.43,3.46,2.22,3.55,3.7,1.98,1.88,2.01,1.88,2.08,1.95,1.94,1.87,2.04,1.94,-0.25,1.86,2.04,1.87,2.04,1.92,2.1,1.83,2.02,1.9,2.09
P1,23/02/2025,15:30,Arouca,Farense,2,2,D,0,1,A,,12,17,6,7,16,16,4,9,2,3,0,0,1.9,3.4,4.2,,,,1.85,3.3,4.33,1.88,3.43,4.33,1.85,3.2,4,1.9,3.5,4.16,1.95,3.55,4.4,1.89,3.4,4.21,1.92,3.6,4.5,2.15,1.67,2.21,1.68,2.27,1.71,2.18,1.67,2.08,1.57,-0.5,1.95,1.95,1.89,1.96,1.96,1.97,1.89,1.93,,,1.91,3.4,4.1,,,,1.83,3.25,4.2,1.94,3.48,4.31,1.91,3.2,3.8,1.91,3.53,4.47,1.95,3.55,4.5,1.89,3.44,4.25,1.96,3.55,4.7,2.15,1.67,2.23,1.71,2.25,1.81,2.17,1.7,2.3,1.74,-0.5,1.95,1.95,1.95,1.95,1.96,1.99,1.9,1.95,1.96,2.03
P1,23/02/2025,15:30,Estrela,Santa Clara,0,0,D,0,0,D,,10,4,2,1,13,19,5,2,3,1,0,0,3.6,3.2,2.1,,,,3.5,3.3,2.1,3.57,3.16,2.2,3.5,2.8,2.15,3.64,3.06,2.22,3.66,3.3,2.22,3.57,3.13,2.16,4,3.15,2.22,2.7,1.44,2.89,1.41,2.98,1.47,2.75,1.43,2.96,1.35,0.25,2.02,1.88,1.97,1.88,2.07,1.89,1.97,1.84,,,3.75,3,2.1,,,,3.7,2.88,2.1,3.93,3.06,2.21,3.6,2.9,2.1,3.78,3.11,2.25,4,3.19,2.25,3.77,3.06,2.16,4,3.15,2.28,2.6,1.48,2.71,1.5,2.71,1.57,2.59,1.51,2.78,1.55,0.25,2.03,1.87,2.04,1.87,2.1,1.89,2.01,1.83,2.06,1.91
P1,23/02/2025,18:00,AVS,Sp Lisbon,2,2,D,0,2,A,,11,9,4,3,22,13,4,5,5,5,0,1,8,5.25,1.33,,,,9.5,5,1.29,9.1,5.32,1.32,8.5,4.6,1.3,9.5,5.25,1.32,9.5,5.5,1.35,8.89,5.17,1.32,1.09,5.7,1.31,1.7,2.1,1.74,2.12,1.77,2.3,1.7,2.14,1.62,1.96,1.5,1.84,2.06,1.85,2.01,1.87,2.08,1.83,1.99,,,7.5,4.75,1.36,,,,8,4.6,1.3,9.37,5.13,1.36,7.5,4.5,1.36,8.48,5.15,1.39,9.37,5.2,1.39,8.6,4.94,1.36,10,5.2,1.4,1.73,2.08,1.79,2.11,1.82,2.2,1.76,2.08,1.81,2.2,1.25,2.07,1.83,2.09,1.83,2.1,1.88,2.02,1.83,2.08,1.89
P1,23/02/2025,20:30,Famalicao,Moreirense,2,0,H,0,0,D,,17,8,4,6,19,17,3,1,3,3,0,0,2.2,3.2,3.5,,,,2.1,3,3.75,2.21,3.05,3.7,2.15,2.9,3.4,2.18,3.18,3.58,2.25,3.2,3.75,2.17,3.1,3.59,2.18,3,3.85,2.4,1.53,2.6,1.5,2.66,1.57,2.49,1.52,2.36,1.44,-0.25,1.91,1.99,1.88,1.98,1.93,2.05,1.85,1.96,,,2.38,3.1,3.1,,,,2.3,2.8,3.3,2.48,3.01,3.35,2.3,2.9,3.1,2.38,3.21,3.34,2.48,3.21,3.53,2.4,3.01,3.27,2.52,3.05,3.55,2.4,1.53,2.6,1.53,2.63,1.63,2.47,1.55,2.66,1.58,-0.25,2.08,1.82,2.1,1.83,2.14,1.86,2.04,1.81,2.09,1.9
SC0,22/02/2025,12:30,Hibernian,Celtic,2,1,H,2,0,H,S McLean,8,14,4,4,12,11,5,10,3,2,0,0,7.5,4.2,1.44,,,,7.5,4.6,1.4,6.76,4.79,1.45,6.5,4.6,1.44,6.76,4.75,1.44,7.5,4.8,1.45,6.65,4.62,1.44,8,4.9,1.47,1.62,2.3,1.65,2.31,1.68,2.31,1.62,2.25,1.63,2.36,1.25,1.88,1.98,1.89,2,1.91,2.05,1.83,1.96,1.9,1.98,7,4.2,1.45,,,,6.5,4.4,1.44,6.84,4.73,1.47,6.5,4.4,1.44,7.42,4.27,1.46,7.42,4.74,1.48,6.57,4.48,1.46,7.6,4.8,1.5,1.67,2.2,1.68,2.29,1.68,2.32,1.64,2.23,1.68,2.42,1.25,1.83,2.03,1.86,2.05,1.87,2.09,1.81,2.01,1.87,2.1
SC0,22/02/2025,15:00,Aberdeen,Kilmarnock,1,0,H,0,0,D,N Walsh,10,9,3,4,14,14,8,5,2,3,0,0,2.15,3.1,3.6,,,,2.1,3.25,3.5,2.17,3.18,3.64,2.15,3.3,3.4,2.14,3.45,3.4,2.25,3.45,3.64,2.16,3.21,3.47,2.22,3.4,3.7,2.05,1.8,2.06,1.81,2.08,1.87,2,1.79,2.04,1.83,-0.25,1.85,2,1.86,2.02,1.91,2.04,1.84,1.95,1.91,2.05,2.1,3.3,3.6,,,,2.1,3.3,3.6,2.13,3.38,3.74,2.15,3.3,3.4,2.11,3.31,3.61,2.19,3.4,3.74,2.12,3.31,3.51,2.2,3.4,3.85,1.98,1.88,1.98,1.91,2.04,1.91,1.96,1.84,2,1.95,-0.25,1.83,2.03,1.83,2.09,1.87,2.11,1.81,2.01,1.89,2.11
SC0,22/02/2025,15:00,Dundee United,Motherwell,1,0,H,1,0,H,C Graham,10,10,3,3,20,15,2,7,0,2,0,0,1.7,3.6,5,,,,1.67,3.75,5,1.68,3.83,5.04,1.75,3.7,4.6,1.71,3.9,4.77,1.75,3.9,5.25,1.7,3.75,4.84,1.72,3.95,5.1,1.88,1.98,1.88,1.98,1.92,1.99,1.85,1.94,1.87,2,-0.75,1.9,1.95,1.9,1.97,1.95,1.99,1.89,1.9,1.91,1.98,1.7,3.6,5,,,,1.7,3.6,4.75,1.74,3.71,5.24,1.75,3.75,4.8,1.72,3.65,5.06,1.75,3.84,5.24,1.71,3.7,4.86,1.77,3.95,5.3,1.98,1.88,1.96,1.92,2,1.93,1.92,1.87,2.02,1.94,-0.75,1.93,1.93,1.96,1.94,1.96,1.98,1.92,1.89,1.98,1.98
SC0,22/02/2025,15:00,Rangers,St Mirren,0,2,A,0,0,D,K Clancy,17,10,3,6,8,14,11,3,1,2,0,0,1.18,6.5,15,,,,1.17,7,15,1.18,7.29,12.77,1.2,7,13,1.19,7.4,14,1.2,7.5,15.5,1.18,7.18,13.43,1.21,8,16,1.44,2.75,1.4,2.96,1.44,3.05,1.38,2.87,1.44,3,-2,1.88,1.98,1.91,1.94,1.91,2.02,1.86,1.92,1.91,1.94,1.17,6.5,17,,,,1.14,8,15,1.17,7.99,16.01,1.18,7,15,1.18,6.65,17.4,1.18,8,17.4,1.17,7.22,15.43,1.17,9.6,21,1.44,2.75,1.44,2.86,1.46,2.9,1.43,2.75,1.47,3.05,-2,1.85,2,1.86,2.04,1.92,2.04,1.84,1.97,1.88,2.08
SC0,22/02/2025,15:00,Ross County,Dundee,3,1,H,1,1,D,M MacDermid,20,11,10,2,6,10,9,6,0,2,0,0,2.4,3.2,3,,,,2.38,3.2,3,2.5,3.16,3.01,2.45,3.3,2.9,2.42,3.4,2.91,2.5,3.4,3.01,2.42,3.25,2.93,2.48,3.3,3.2,2,1.8,2.05,1.78,2.06,1.85,2,1.78,2.06,1.81,-0.25,2.1,1.78,2.13,1.75,2.13,1.81,2.05,1.75,2.12,1.82,2.3,3.2,3.2,,,,2.4,3,3,2.34,3.29,3.31,2.45,3.1,3,2.32,3.22,3.22,2.47,3.3,3.31,2.36,3.18,3.13,2.44,3.35,3.3,2.1,1.73,2.13,1.77,2.2,1.8,2.1,1.72,2.14,1.85,-0.25,1.98,1.88,2.01,1.9,2.05,1.93,1.99,1.83,2.07,1.91
SC0,23/02/2025,12:00,St Johnstone,Hearts,1,2,A,0,1,A,C Scott,7,12,2,5,10,9,3,6,0,3,0,0,3.6,3.25,2.1,,,,3.6,3.3,2,3.6,3.45,2.07,3.5,3.4,2.1,3.62,3.54,2.03,3.7,3.54,2.13,3.54,3.39,2.05,3.8,3.5,2.14,2,1.8,2.04,1.81,2.09,1.81,2,1.79,2.04,1.79,0.25,2.05,1.8,2.08,1.79,2.11,1.82,2.03,1.76,2.14,1.83,4.2,3.5,1.85,,,,4,3.5,1.9,4.15,3.68,1.92,4.2,3.5,1.85,4.25,3.54,1.87,4.25,3.68,1.98,4.01,3.56,1.9,4.4,3.7,1.97,1.93,1.93,1.96,1.93,1.96,2.01,1.91,1.89,2,1.98,0.5,1.98,1.88,1.98,1.93,2.06,1.95,1.91,1.89,2.02,1.97
SC1,21/02/2025,19:45,Morton,Falkirk,0,2,A,0,2,A,D McFarlane,2,12,1,5,13,12,2,10,3,1,0,0,6.5,3.4,1.55,,,,6.5,3.7,1.53,6.36,3.8,1.57,6,3.6,1.6,6.1,3.78,1.53,6.75,4,1.6,6.06,3.69,1.55,7.2,3.85,1.6,2.15,1.67,2.21,1.68,2.25,1.74,2.14,1.66,2.18,1.74,1,1.83,2.03,1.83,2.03,1.92,2.04,1.8,1.97,1.8,2.05,7,3.6,1.48,,,,7,3.9,1.5,6.74,4.02,1.52,7,3.8,1.5,7.41,3.81,1.57,7.41,4.02,1.57,6.71,3.85,1.49,7,4.1,1.57,2.1,1.7,2.13,1.73,2.32,1.74,2.11,1.69,2.16,1.79,1,2,1.85,1.94,1.91,2.04,1.91,1.93,1.84,1.91,1.94
SC1,22/02/2025,15:00,Ayr,Livingston,1,2,A,0,1,A,D Robertson,4,9,2,3,11,13,2,4,1,2,0,0,2.25,3.3,2.8,,,,2.38,3.3,2.88,2.39,3.25,2.95,2.45,3,3,2.38,3.1,2.95,2.45,3.3,3,2.34,3.17,2.9,2.3,3.05,3.4,2.3,1.6,2.34,1.58,2.34,1.61,2.27,1.58,2.34,1.52,-0.25,2.05,1.8,2.07,1.77,2.07,1.8,2.01,1.75,1.98,1.91,2.35,3.2,2.8,,,,2.3,3,3.2,2.52,3.05,3.08,2.5,3,3,2.49,3.38,2.96,2.52,3.38,3.2,2.37,3.08,2.99,2.62,3.05,3.15,2.35,1.57,2.46,1.55,2.53,1.57,2.37,1.55,2.5,1.61,-0.25,2.1,1.78,2.14,1.74,2.14,1.81,2.04,1.76,2.2,1.77
SC1,22/02/2025,15:00,Dunfermline,Queens Park,0,0,D,0,0,D,E Anderson,10,3,1,1,7,12,4,2,1,0,0,0,2,3.7,3.1,,,,2.1,3.5,3.3,2.1,3.21,3.58,2.15,3.2,3.4,2.06,3.3,3.41,2.15,3.7,3.58,2.08,3.24,3.38,1.95,3.25,3.45,2.08,1.73,2.1,1.72,2.1,1.75,2.05,1.71,1.94,1.6,-0.25,1.8,2.05,1.81,2.01,1.83,2.05,1.79,1.96,1.7,2.12,2.05,3.4,3.4,,,,1.95,3.4,3.6,2.05,3.25,3.92,2.05,3.25,3.7,2.09,3.54,3.65,2.09,3.54,3.92,2.01,3.27,3.62,2.08,3.25,4,2.08,1.73,2.11,1.75,2.21,1.75,2.06,1.71,2.14,1.79,-0.5,2.05,1.75,2.06,1.81,2.06,1.84,1.99,1.77,2.08,1.83
SC1,22/02/2025,15:00,Partick,Airdrie Utd,1,1,D,1,0,H,D Dickinson,11,8,4,3,13,11,2,5,4,3,0,0,1.7,3.8,4.2,,,,1.73,3.9,4.4,1.72,4.01,4.13,1.7,3.75,4.4,1.71,3.82,4.26,1.74,4.1,4.4,1.7,3.87,4.14,1.73,3.6,4.5,1.67,2.15,1.69,2.13,1.69,2.2,1.66,2.12,1.58,2,-0.75,1.93,1.93,1.95,1.87,1.95,1.95,1.89,1.85,1.93,1.9,1.8,3.75,3.8,,,,1.7,3.9,4.33,1.85,3.94,3.89,1.73,3.7,4,1.89,3.93,3.98,1.89,4.1,4.33,1.77,3.8,3.92,1.85,3.95,4.1,1.65,2.2,1.71,2.16,1.71,2.2,1.66,2.15,1.71,2.26,-0.75,2.03,1.78,2.09,1.77,2.09,1.86,1.99,1.8,2.09,1.81
SC1,22/02/2025,15:00,Raith Rvs,Hamilton,2,0,H,1,0,H,R Hardie,9,0,7,0,12,12,5,0,1,2,0,0,1.62,3.9,4.5,,,,1.62,4,5,1.62,3.98,4.9,1.67,3.8,5,1.6,3.96,4.89,1.67,4,5,1.62,3.86,4.76,1.62,3.65,4.7,1.73,2.08,1.72,2.1,1.8,2.1,1.71,2.04,1.64,2.28,-0.75,1.83,2.03,1.81,2.01,1.9,2.03,1.79,1.95,1.79,2.02,1.53,4,5.5,,,,1.53,4,5.5,1.55,3.99,6.28,1.55,3.8,6,1.61,4.18,5.75,1.61,4.18,6.71,1.53,3.88,5.84,1.6,4.1,6.4,2.03,1.83,2.03,1.82,2.1,1.85,1.95,1.81,2.04,1.9,-1,1.95,1.9,1.98,1.88,2.07,1.91,1.94,1.83,2.01,1.85
SC2,22/02/2025,15:00,Annan Athletic,Alloa,3,4,A,1,0,H,S Luke,13,7,5,6,9,15,5,6,1,2,0,0,2.8,3.2,2.38,,,,2.88,3.3,2.4,2.84,3.27,2.39,2.9,3.3,2.38,2.78,3.42,2.33,2.9,3.42,2.42,2.8,3.27,2.33,1.04,2.68,1.04,1.88,1.98,1.85,1.96,1.88,1.98,1.81,1.92,1.72,1.82,0.25,1.73,2.08,1.76,2.08,1.76,2.08,1.73,2.01,1.8,1.74,2.5,3.2,2.63,,,,2.55,3.25,2.63,2.55,3.47,2.61,2.5,3.3,2.7,2.56,3.27,2.69,2.56,3.61,2.84,2.43,3.34,2.66,2.66,3.55,2.7,1.88,1.98,1.85,2,1.97,2,1.84,1.91,1.88,2.02,0,1.85,2,1.9,1.95,1.91,2.04,1.83,1.97,1.93,1.97
SC2,22/02/2025,15:00,Cove Rangers,Dumbarton,2,1,H,1,1,D,S Kirkland,18,3,7,2,9,11,12,4,0,2,0,0,1.62,3.9,4.75,,,,1.67,4,4.6,1.68,3.94,4.36,1.7,3.9,4.6,1.66,3.98,4.4,1.7,4,4.75,1.66,3.88,4.35,1.67,3.85,4.2,1.62,2.25,1.58,2.29,1.62,2.38,1.58,2.25,1.51,2.34,-0.75,1.83,2.03,1.86,1.96,1.98,2.03,1.82,1.91,1.84,1.96,1.67,3.9,4.33,,,,1.67,4,4.5,1.7,4.06,4.36,1.7,3.8,4.4,1.7,3.96,4.4,1.7,4.1,4.7,1.67,3.91,4.3,1.74,4.3,4.5,1.57,2.35,1.54,2.42,1.6,2.45,1.55,2.36,1.57,2.52,-0.75,1.85,2,1.88,1.97,1.9,2,1.85,1.93,1.92,1.98
SC2,22/02/2025,15:00,Kelty Hearts,Inverness C,0,1,A,0,0,D,A Grieve,11,6,1,3,10,10,4,4,2,2,0,0,3.3,3.5,2,,,,3.5,3.5,2,3.53,3.3,2.03,3.4,3.3,2.1,3.45,3.34,2.03,3.53,3.5,2.11,3.38,3.3,2.03,3.65,3.25,2.04,2.05,1.75,2.09,1.71,2.1,1.75,2.05,1.71,2.12,1.69,0.25,2.03,1.78,2.04,1.75,2.04,1.79,1.98,1.75,2.06,1.76,3.2,3.5,2.05,,,,3.3,3.5,2.05,3.54,2.91,2.28,3.3,3.2,2.2,3.25,3.55,2.08,3.54,3.55,2.28,3.3,3.2,2.13,3.5,3.25,2.28,2.1,1.7,2.21,1.67,2.21,1.78,2.08,1.7,2.24,1.72,0.25,1.98,1.88,1.92,1.93,1.98,1.93,1.94,1.84,1.97,1.94
SC2,22/02/2025,15:00,Montrose,Queen of Sth,0,3,A,0,1,A,I Snedden,1,8,1,6,3,5,0,1,2,2,0,0,2.75,3.1,2.45,,,,2.88,3.2,2.45,2.74,3.22,2.48,2.62,3.1,2.5,2.72,3.2,2.44,2.88,3.29,2.51,2.73,3.16,2.44,2.98,3.3,2.46,2.1,1.7,2.14,1.68,2.15,1.7,2.1,1.67,1.98,1.71,0,2.05,1.8,2.01,1.81,2.05,1.81,1.98,1.78,2.15,1.77,3.2,3.1,2.2,,,,2.9,3.1,2.4,3,3.32,2.33,3,3.1,2.25,3.26,3.16,2.24,3.26,3.32,2.4,3.08,3.19,2.22,3.15,3.35,2.4,2.1,1.7,2.15,1.7,2.21,1.7,2.11,1.68,2.22,1.75,0.25,1.88,1.98,1.84,2.02,1.91,2.04,1.84,1.94,1.85,2.06
SC2,22/02/2025,17:30,Stenhousemuir,Arbroath,2,0,H,0,0,D,C Steven,13,7,2,1,5,5,11,5,1,2,0,0,2.8,3.3,2.3,,,,2.88,3.3,2.45,2.96,3.2,2.34,2.9,3.2,2.45,2.89,3.3,2.31,2.96,3.35,2.45,2.88,3.2,2.33,2.08,3,2.14,2,1.85,1.99,1.82,2,1.85,1.95,1.79,1.41,1.7,0.25,1.8,2.05,1.8,2.03,1.8,2.07,1.75,1.99,1.84,1.98,3,3.4,2.1,,,,3.1,3.2,2.1,3.14,3.32,2.25,3.1,3.4,2.2,3.1,3.51,2.17,3.16,3.51,2.26,3.06,3.28,2.18,3.35,3.5,2.28,2,1.85,1.96,1.88,2.01,1.9,1.93,1.83,2,1.92,0.25,1.93,1.93,1.9,1.95,1.93,1.95,1.87,1.9,1.99,1.96
SC3,22/02/2025,15:00,Bonnyrigg Rose,Forfar,0,2,A,0,1,A,G Calder,10,3,3,2,12,15,3,5,3,3,0,0,2.3,3.1,2.88,,,,2.5,3.3,2.75,2.35,3.24,2.91,2.5,3.2,2.8,2.34,3.3,2.85,2.55,3.3,2.95,2.38,3.18,2.81,2.3,2.82,2.88,2.03,1.83,2.03,1.79,2.03,1.83,1.99,1.76,1.88,1.64,-0.25,2.05,1.8,2.04,1.79,2.2,1.8,2.04,1.73,2,1.78,2.2,3.1,3,,,,2.3,3.1,3,2.32,3.16,3.15,2.25,3.25,3.1,2.29,3.22,3.12,2.37,3.5,3.15,2.29,3.18,2.97,2.36,3.3,3.45,2.15,1.67,2.29,1.63,2.29,1.78,2.1,1.69,2.3,1.69,-0.25,2.03,1.83,2,1.85,2.03,1.85,1.98,1.79,2.01,1.96
SC3,22/02/2025,15:00,Clyde,Spartans,0,2,A,0,1,A,G Soutar,8,5,3,2,13,12,5,5,4,2,0,0,2.15,3.4,2.9,,,,2.25,3.3,3,2.33,3.26,2.93,2.3,3.1,3.1,2.29,3.24,2.97,2.36,3.4,3.05,2.27,3.23,2.93,2.32,3.2,3.05,2.08,1.73,2.1,1.71,2.1,1.75,2.06,1.7,1.94,1.73,-0.25,1.98,1.88,2.03,1.81,2.03,1.88,1.96,1.79,1.99,1.94,2,3.4,3.2,,,,2.05,3.4,3.3,2.12,3.42,3.33,2.2,3.1,3.3,2.07,3.52,3.31,2.2,3.52,3.4,2.07,3.33,3.28,2.14,3.7,3.65,2.1,1.7,2.09,1.75,2.21,1.75,2.07,1.71,2.12,1.79,-0.25,1.85,2,1.85,2.01,1.85,2.01,1.81,1.96,1.86,2.14
SC3,22/02/2025,15:00,East Fife,Peterhead,0,0,D,0,0,D,G Grainger,4,5,0,1,12,13,6,2,4,3,0,0,2.2,3.3,2.8,,,,2.38,3.3,3,2.41,3.19,2.86,2.25,3.25,3.1,2.34,3.3,2.84,2.46,3.35,3.15,2.31,3.22,2.88,2.42,3.25,2.82,2,1.85,2,1.81,2,1.85,1.95,1.79,1.86,1.87,-0.25,2.05,1.8,2.09,1.76,2.09,1.89,2,1.77,2.1,1.75,2.1,3.4,2.9,,,,2.25,3.3,3,2.24,3.37,3.11,2.3,3.3,3,2.19,3.54,3.03,2.3,3.63,3.11,2.18,3.37,2.99,2.36,3.5,3.2,1.88,1.98,1.89,1.94,1.97,1.98,1.85,1.9,1.89,1.95,-0.25,1.93,1.93,1.95,1.9,1.96,1.93,1.91,1.87,2.03,1.9
SC3,22/02/2025,15:00,Elgin,Edinburgh City,1,2,A,1,1,D,A Murdoch,6,12,1,6,13,7,2,7,4,2,0,0,1.9,3.6,3.3,,,,1.95,3.6,3.7,1.99,3.49,3.47,1.91,3.5,3.8,1.96,3.52,3.47,2.02,3.65,3.8,1.94,3.51,3.47,2,3.75,3.55,1.8,2,1.83,1.98,1.83,2.05,1.78,1.96,1.81,2.02,-0.5,1.98,1.88,1.99,1.83,1.99,1.89,1.92,1.81,2.01,1.9,2.05,3.4,3,,,,2.1,3.5,3.1,2.16,3.53,3.13,2,3.4,3.6,2.14,3.54,3.13,2.16,3.61,3.6,2.1,3.44,3.09,2.24,3.7,3.35,1.85,2,1.85,1.99,1.89,2,1.82,1.94,1.89,2,-0.25,1.88,1.98,1.9,1.95,1.9,1.98,1.85,1.93,1.94,2
SC3,22/02/2025,15:00,Stranraer,Stirling,3,0,H,2,0,H,G Duncan,12,12,6,4,8,11,4,4,0,3,0,0,2.3,3.5,2.6,,,,2.4,3.5,2.75,2.49,3.2,2.74,2.5,3.2,2.8,2.42,3.28,2.69,2.49,3.5,2.91,2.4,3.23,2.73,2.66,3.1,2.7,2,1.85,1.97,1.83,2,1.87,1.93,1.81,1.83,1.71,0,1.83,2.03,1.82,2.01,1.83,2.03,1.78,1.99,1.85,1.93,2.5,3.6,2.3,,,,2.63,3.6,2.4,2.72,3.5,2.44,2.5,3.25,2.8,2.6,3.74,2.39,2.72,3.74,2.8,2.57,3.44,2.46,2.92,3.45,2.56,1.85,2,1.85,1.99,1.89,2,1.84,1.9,1.88,2.04,0,2,1.85,2.04,1.83,2.05,1.96,1.96,1.84,2.08,1.84
SP1,21/02/2025,20:00,Celta,Osasuna,1,0,H,0,0,D,,12,18,5,1,11,13,5,4,1,0,0,0,1.67,3.75,5.25,,,,1.67,3.9,5,1.7,3.86,5.39,1.7,3.75,5,1.75,3.89,5.35,1.75,3.94,5.5,1.7,3.8,5.2,1.74,3.95,5.7,1.99,1.91,2,1.9,2.02,1.93,1.96,1.89,2.02,1.95,-0.75,1.89,2.04,1.88,2.04,1.92,2.04,1.88,1.96,1.94,2.03,1.7,3.7,5,,,,1.65,3.7,5,1.72,3.8,5.38,1.73,3.7,5,1.74,3.8,5.13,1.75,3.85,5.4,1.72,3.74,5.15,1.76,3.85,5.7,1.98,1.92,1.97,1.93,2.01,1.96,1.95,1.89,2.08,1.92,-0.75,1.94,1.99,1.93,1.99,1.95,2.01,1.91,1.94,1.98,2
SP1,22/02/2025,13:00,Alaves,Espanol,0,1,A,0,0,D,,15,9,5,2,13,17,7,0,2,2,0,0,1.8,3.25,5.25,,,,1.75,3.3,5.5,1.79,3.45,5.33,1.8,3.3,5,1.84,3.5,5.35,1.84,3.52,5.5,1.8,3.38,5.22,1.83,3.4,6,2.63,1.5,2.67,1.51,2.72,1.52,2.62,1.5,2.74,1.54,-0.75,2.08,1.82,2.08,1.84,2.16,1.84,2.06,1.79,2.11,1.86,1.82,3.1,5.25,,,,1.85,3,5,1.88,3.14,5.51,1.91,3,5,1.92,3.17,5.16,1.95,3.25,5.52,1.89,3.12,5.21,1.96,3.15,5.6,2.75,1.44,2.89,1.44,3,1.45,2.83,1.42,3.05,1.47,-0.5,1.88,2.05,1.89,2.03,1.95,2.05,1.89,1.98,1.96,2.03
SP1,22/02/2025,15:15,Vallecano,Villarreal,0,1,A,0,0,D,,10,10,5,5,15,12,3,5,1,4,1,0,2.88,3.5,2.38,,,,2.9,3.4,2.4,3.09,3.37,2.42,2.9,3.5,2.3,3.06,3.71,2.39,3.12,3.71,2.46,2.98,3.42,2.39,3.05,3.55,2.5,1.8,2,1.81,2.07,1.85,2.15,1.79,2.04,1.85,2.12,0.25,1.81,2.09,1.83,2.09,1.83,2.13,1.8,2.04,1.84,2.14,2.75,3.25,2.6,,,,2.75,3.25,2.55,2.82,3.32,2.69,2.75,3.2,2.62,2.82,3.33,2.66,2.87,3.4,2.75,2.79,3.26,2.65,2.88,3.4,2.76,1.98,1.92,1.99,1.92,2,2.01,1.93,1.91,2,1.97,0,2.01,1.92,2.01,1.92,2.02,1.93,1.99,1.88,2.03,1.95
SP1,22/02/2025,17:30,Valencia,Ath Madrid,0,3,A,0,2,A,,18,11,2,3,18,16,7,0,1,3,0,0,4.2,3.4,1.91,,,,4.5,3.4,1.91,4.54,3.43,1.91,4.2,3.4,1.91,4.43,3.63,1.95,4.6,3.63,1.96,4.35,3.42,1.91,4.7,3.55,1.96,2.2,1.67,2.26,1.68,2.29,1.73,2.22,1.68,2.3,1.72,0.5,1.98,1.92,1.99,1.92,1.99,1.96,1.94,1.9,2.03,1.96,3.9,3.2,2.05,,,,3.9,3.25,2,4.14,3.2,2.11,3.8,3.3,2,4.35,3.37,1.98,4.35,3.37,2.15,4.03,3.25,2.06,4.2,3.4,2.1,2.3,1.62,2.3,1.68,2.42,1.69,2.29,1.64,2.36,1.72,0.5,1.82,2.11,1.83,2.12,1.85,2.15,1.81,2.08,1.89,2.1
SP1,22/02/2025,20:00,Las Palmas,Barcelona,0,2,A,0,0,D,,10,15,2,5,13,4,5,3,1,1,0,0,8.5,7,1.25,,,,11,7,1.22,10.7,6.91,1.24,10,6.5,1.25,11.4,7.3,1.26,11.4,7.3,1.26,10.33,6.79,1.24,12,7.4,1.26,1.3,3.5,1.33,3.38,1.33,3.65,1.3,3.5,1.33,3.75,1.75,2.06,1.84,2.08,1.8,2.08,1.86,2.03,1.8,2.08,1.83,9,7,1.22,,,,10,6.5,1.18,11.32,6.98,1.24,11,7,1.22,10.5,7.82,1.24,12.5,7.82,1.25,11.1,7.1,1.23,12.5,7.6,1.25,1.27,3.5,1.32,3.49,1.35,3.68,1.3,3.49,1.34,3.85,2,1.9,2.03,1.87,2.04,1.94,2.04,1.88,1.98,1.92,2.04
SP1,23/02/2025,13:00,Ath Bilbao,Valladolid,7,1,H,4,0,H,,29,5,16,3,10,5,4,4,2,3,0,1,1.17,7,19,,,,1.14,7.5,23,1.17,7.52,17.55,1.17,7.5,19,1.17,8.45,22,1.18,8.45,23,1.16,7.34,18.55,1.18,8.2,22,1.62,2.3,1.63,2.34,1.71,2.36,1.63,2.3,1.69,2.32,-2,1.93,1.97,1.93,1.96,2,2,1.92,1.92,1.97,1.93,1.2,6.5,17,,,,1.14,6.5,15,1.18,7.5,18,1.18,6.5,15,1.22,6.59,16.6,1.22,7.5,18,1.19,7.01,16.64,1.2,8,20,1.67,2.2,1.72,2.19,1.72,2.36,1.65,2.27,1.73,2.34,-1.75,1.85,2.08,1.86,2.07,1.88,2.11,1.81,2.06,1.86,2.13
SP1,23/02/2025,15:15,Real Madrid,Girona,2,0,H,1,0,H,,22,6,5,2,1,7,11,5,0,2,0,0,1.29,6.25,8.5,,,,1.25,6.5,10,1.28,6.44,9.32,1.29,6,9.5,1.31,6.49,10.3,1.31,6.6,10.5,1.28,6.26,9.32,1.29,6.8,10.5,1.4,3,1.38,3.08,1.4,3.12,1.38,2.97,1.44,3.1,-1.75,1.99,1.91,1.97,1.92,2.02,1.93,1.95,1.87,1.97,1.93,1.3,6.25,8,,,,1.25,6,10,1.28,6.41,9.87,1.3,5.8,9.5,1.32,6.39,8.61,1.32,7,10.5,1.28,6.46,9.73,1.3,6.6,12,1.36,3.2,1.38,3.15,1.4,3.32,1.37,3.14,1.41,3.35,-1.75,2.02,1.91,2.02,1.88,2.02,2.06,1.94,1.91,2.02,1.97
SP1,23/02/2025,17:30,Getafe,Betis,1,2,A,0,1,A,,10,13,4,6,17,20,2,5,3,0,1,1,2.6,3.1,2.9,,,,2.63,3,3,2.66,3.11,2.98,2.62,3,2.9,2.7,3.19,3.02,2.7,3.19,3.05,2.61,3.06,2.95,2.74,3.1,3.1,2.63,1.5,2.68,1.5,2.72,1.52,2.63,1.49,2.92,1.51,0,1.83,2.07,1.85,2.07,1.88,2.08,1.82,2.04,1.86,2.12,2.9,2.9,2.7,,,,2.7,2.75,2.75,3.05,2.88,2.84,2.9,2.88,2.8,3.14,2.98,2.66,3.14,3.01,2.96,2.94,2.91,2.78,3,3,2.94,3.2,1.36,3.14,1.39,3.2,1.43,3,1.4,3.05,1.47,0,2.05,1.88,2.04,1.89,2.09,1.91,2,1.87,2.02,1.97
SP1,23/02/2025,20:00,Sociedad,Leganes,3,0,H,1,0,H,,12,8,5,2,13,13,3,3,3,3,0,0,1.55,3.75,7,,,,1.55,3.75,8,1.56,3.87,7.11,1.55,3.8,6.5,1.59,4.01,7.4,1.59,4.01,8,1.55,3.79,7.03,1.59,3.9,8.4,2.5,1.53,2.42,1.6,2.55,1.63,2.45,1.56,2.64,1.59,-1,2.03,1.87,2.02,1.88,2.06,1.95,2,1.84,2.04,1.9,1.62,3.7,6.25,,,,1.57,3.6,7,1.64,3.75,6.47,1.62,3.6,6,1.63,3.8,6.59,1.64,3.86,7.2,1.61,3.73,6.52,1.64,3.95,7,2.3,1.62,2.37,1.63,2.52,1.66,2.34,1.62,2.42,1.7,-1,2.08,1.73,2.17,1.76,2.17,1.83,2.11,1.77,2.19,1.83
SP2,21/02/2025,19:30,Malaga,Tenerife,1,0,H,0,0,D,,12,6,3,4,18,22,9,0,2,3,0,0,2.38,2.9,3.3,,,,2.25,2.8,3.3,2.42,3.02,3.47,,,,2.33,3.1,3.34,2.47,3.1,3.47,2.33,2.93,3.33,2.46,3.05,3.6,2.7,1.44,2.79,1.48,2.79,1.48,2.66,1.45,2.86,1.52,-0.25,2.03,1.83,2.04,1.87,2.05,1.9,1.98,1.83,2.09,1.88,2.5,2.9,3.1,,,,2.3,2.8,3.25,2.56,2.97,3.28,,,,2.45,2.93,3.26,2.56,3.05,3.3,2.44,2.9,3.19,2.62,3,3.4,2.7,1.44,2.82,1.47,2.82,1.5,2.67,1.46,2.84,1.52,-0.25,2.13,1.75,2.15,1.79,2.17,1.81,2.07,1.77,2.19,1.81
SP2,22/02/2025,13:00,Ferrol,Cordoba,0,1,A,0,0,D,,4,13,0,6,13,13,4,2,2,4,1,0,3.2,3,2.38,,,,2.88,3,2.38,3.25,3,2.51,,,,3.05,3.26,2.4,3.28,3.26,2.52,3.07,3,2.43,3.25,3.1,2.5,2.2,1.65,2.26,1.67,2.26,1.68,2.2,1.64,2.28,1.7,0.25,1.8,2.05,1.79,2.13,1.83,2.17,1.76,2.06,1.8,2.11,3.1,3,2.4,,,,3.25,2.88,2.2,3.3,3.1,2.45,,,,3.22,3.01,2.41,3.37,3.2,2.47,3.22,3.01,2.35,3.3,3.15,2.56,2.25,1.62,2.33,1.65,2.38,1.66,2.27,1.62,2.44,1.68,0.25,1.78,2.1,1.84,2.08,1.88,2.14,1.82,2.01,1.84,2.16
SP2,22/02/2025,15:15,Burgos,Oviedo,1,2,A,1,1,D,,8,8,4,4,15,9,4,2,2,1,0,0,3,2.75,2.7,,,,2.8,2.75,2.7,2.99,2.76,2.85,,,,2.95,2.81,2.77,3.05,2.88,2.85,2.9,2.74,2.75,3.1,2.72,2.88,2.88,1.4,3.04,1.39,3.04,1.42,2.85,1.39,3,1.44,0,2,1.85,1.98,1.88,2.08,1.89,1.96,1.84,2.13,1.87,3.3,2.7,2.55,,,,3.1,2.55,2.55,3.34,2.76,2.69,,,,3.33,2.72,2.57,3.35,2.76,2.7,3.22,2.66,2.61,3.45,2.78,2.8,3.4,1.33,3.26,1.36,3.4,1.37,3.18,1.34,3.4,1.39,0.25,1.75,2.13,1.72,2.22,1.78,2.22,1.71,2.16,1.75,2.3
SP2,22/02/2025,15:15,Eibar,Santander,2,2,D,1,1,D,,9,14,5,4,18,9,2,3,4,1,0,0,2.2,3.3,3.3,,,,2.25,3.2,3,2.22,3.33,3.34,,,,2.21,3.44,3.25,2.27,3.44,3.38,2.2,3.26,3.2,2.26,3.4,3.45,2.05,1.8,2.06,1.81,2.11,1.83,2.02,1.77,2.06,1.82,-0.25,1.9,1.95,1.93,1.94,1.95,1.98,1.9,1.89,1.94,1.96,1.95,3.4,3.9,,,,1.87,3.3,3.8,1.98,3.48,4.12,,,,1.96,3.42,3.92,2.04,3.5,4.16,1.95,3.37,3.87,2.04,3.6,4.2,2.03,1.83,2.06,1.84,2.16,1.85,2.02,1.78,2.12,1.88,-0.5,1.95,1.9,1.99,1.92,2.01,1.95,1.96,1.84,2.04,1.94
SP2,22/02/2025,17:30,Granada,Zaragoza,2,2,D,1,0,H,,8,12,3,4,13,15,4,7,0,0,0,0,1.95,3.25,4.1,,,,1.95,3.2,3.8,1.98,3.31,4.11,,,,2,3.3,4.02,2.04,3.4,4.11,1.97,3.22,3.92,2,3.15,4.2,2.25,1.62,2.33,1.63,2.33,1.66,2.25,1.62,2.3,1.66,-0.5,1.98,1.88,1.99,1.88,2.05,1.91,1.97,1.82,2,1.84,1.8,3.3,4.75,,,,1.75,3.2,4.5,1.86,3.36,4.99,,,,1.82,3.34,4.8,1.89,3.4,5,1.83,3.27,4.59,1.91,3.45,5,2.2,1.65,2.28,1.68,2.36,1.7,2.23,1.64,2.34,1.73,-0.5,1.83,2.03,1.87,2.04,1.88,2.11,1.84,1.96,1.92,2.06
SP2,22/02/2025,20:00,Sp Gijon,Almeria,1,1,D,0,1,A,,14,20,5,8,17,12,10,4,2,4,0,1,2.5,3.3,2.75,,,,2.4,3.2,2.7,2.62,3.2,2.82,,,,2.56,3.32,2.76,2.66,3.32,2.9,2.52,3.15,2.78,2.64,3.2,2.92,2.1,1.7,2.16,1.71,2.2,1.73,2.13,1.69,2.18,1.78,0,1.83,2.03,1.86,2.01,1.86,2.08,1.8,2.01,1.85,2.04,2.45,3.2,2.9,,,,2.4,2.88,2.75,2.63,3.06,3.06,,,,2.46,3.27,2.89,2.63,3.27,3.09,2.52,3.1,2.86,2.68,3.25,3.05,2.35,1.54,2.37,1.63,2.47,1.71,2.24,1.63,2.36,1.72,0,1.73,2.08,1.81,2.11,1.85,2.19,1.79,2.04,1.86,2.12
SP2,23/02/2025,13:00,La Coruna,Huesca,0,0,D,0,0,D,,15,4,6,2,11,17,7,0,1,4,0,0,1.95,3.25,4.1,,,,1.95,3.1,3.9,1.96,3.24,4.29,,,,1.97,3.32,4.11,2.04,3.32,4.33,1.95,3.18,4.01,2.04,3.15,4.1,2.35,1.57,2.43,1.57,2.45,1.59,2.37,1.56,2.5,1.58,-0.5,2,1.85,1.97,1.88,2.05,1.89,1.97,1.82,2.04,1.87,2,3.25,3.9,,,,1.95,2.88,3.8,2.07,3.25,4.11,,,,2.01,3.27,3.92,2.12,3.27,4.11,2.03,3.14,3.88,2.12,3.25,4.3,2.35,1.57,2.47,1.58,2.47,1.59,2.39,1.56,2.52,1.64,-0.5,2.05,1.8,2.08,1.84,2.09,1.87,2.03,1.78,2.14,1.87
SP2,23/02/2025,15:15,Elche,Cartagena,2,1,H,0,0,D,,19,9,10,1,12,15,10,3,2,3,0,0,1.25,5,15,,,,1.18,5,13,1.23,5.71,15.05,,,,1.27,5.5,12,1.27,6,15.05,1.23,5.34,13.04,1.26,5.5,13,2.05,1.8,2.02,1.82,2.06,1.87,1.98,1.8,1.89,1.72,-1.5,1.88,1.98,1.85,2.01,1.92,2.01,1.83,1.96,,,1.29,5.25,11,,,,1.2,5,13,1.31,5.14,12.64,,,,1.3,5.25,10.6,1.31,5.4,14,1.28,5.01,11.67,1.33,5.3,15,2.05,1.75,2.11,1.79,2.16,1.81,2.03,1.76,2.16,1.85,-1.5,2,1.85,2.06,1.85,2.06,1.91,1.97,1.84,2.09,1.87
SP2,23/02/2025,17:30,Albacete,Eldense,0,1,A,0,0,D,,11,14,4,3,5,12,4,7,1,3,1,0,2,3.25,3.9,,,,1.91,3.1,3.75,1.99,3.22,4.19,,,,2.01,3.22,4.12,2.06,3.4,4.2,1.98,3.17,3.92,2.04,3.2,4.1,2.2,1.65,2.23,1.67,2.23,1.68,2.2,1.64,2.28,1.67,-0.5,2.03,1.83,2,1.86,2.06,1.86,1.98,1.8,,,2,3.2,4,,,,2,2.8,3.75,2.11,3.14,4.14,,,,2.05,3.22,3.86,2.14,3.22,4.14,2.06,3.06,3.9,2.18,3.15,4.2,2.25,1.62,2.32,1.66,2.33,1.67,2.25,1.63,2.42,1.67,-0.5,2.05,1.8,2.12,1.81,2.12,1.83,2.06,1.76,2.18,1.83
SP2,23/02/2025,17:30,Levante,Mirandes,1,0,H,0,0,D,,11,11,1,2,15,13,5,5,4,0,1,1,1.85,3.4,4.33,,,,1.8,3.3,4,1.91,3.33,4.35,,,,1.94,3.28,4.3,1.94,3.45,4.35,1.88,3.3,4.12,1.86,1.03,1.04,2.08,1.73,2.17,1.7,2.17,1.81,2.09,1.72,2,1.67,-0.5,1.88,1.98,1.92,1.93,1.92,2.02,1.88,1.9,,,2.1,3,3.9,,,,1.91,2.8,3.9,2.13,3.14,4.05,,,,2.16,3.02,3.78,2.16,3.2,4.2,2.04,3.06,3.94,2.12,3.2,4.5,2.35,1.57,2.45,1.6,2.46,1.63,2.33,1.59,2.46,1.66,-0.5,2.08,1.73,2.13,1.78,2.14,1.83,2.03,1.78,2.12,1.87
SP2,23/02/2025,20:00,Cadiz,Castellon,0,0,D,0,0,D,,11,8,4,0,7,16,6,3,1,1,0,0,2,3.3,3.8,,,,2,3.25,3.4,2.04,3.32,3.84,,,,2.09,3.22,3.81,2.11,3.45,3.9,2.02,3.24,3.67,1.09,1.8,3.75,2.05,1.8,2.03,1.81,2.08,1.86,1.98,1.8,1.89,1.7,-0.5,2.05,1.8,2.05,1.81,2.11,1.83,2.02,1.77,,,2.1,3.2,3.6,,,,2,3,3.6,2.16,3.28,3.77,,,,2.17,3.23,3.49,2.19,3.29,3.77,2.1,3.17,3.59,2.22,3.35,3.85,2.05,1.75,2.08,1.83,2.16,1.84,2.02,1.78,2.12,1.87,-0.25,1.83,2.03,1.85,2.07,1.87,2.08,1.81,2.02,1.9,2.1
T1,21/02/2025,17:00,Bodrumspor,Hatayspor,1,0,H,1,0,H,,10,8,4,3,10,13,9,6,1,2,0,0,1.67,3.7,5.25,,,,1.62,3.6,5.5,1.68,3.75,5.66,1.67,3.7,5,1.7,3.95,5.45,1.7,3.95,5.7,1.67,3.71,5.29,1.73,3.85,6,2.05,1.8,2.08,1.81,2.08,1.86,2.01,1.8,2.14,1.86,-0.75,2.03,1.78,1.9,2.01,1.91,2.02,1.88,1.94,1.93,2.03,1.6,3.9,5.75,,,,1.57,3.7,5.5,1.61,3.9,6.25,1.62,3.75,5,1.63,3.83,5.58,1.64,3.9,6.25,1.61,3.8,5.8,1.66,3.95,6.6,2.03,1.83,2.06,1.84,2.09,1.86,2.01,1.8,2.08,1.89,-1,2.08,1.73,2.11,1.81,2.15,1.85,2.09,1.77,2.16,1.84
T1,21/02/2025,17:00,Eyupspor,Besiktas,1,3,A,1,2,A,,7,18,3,7,10,7,4,2,2,1,0,0,3.2,3.4,2.2,,,,3.2,3.3,2.2,3.35,3.42,2.26,3.1,3.3,2.2,3.33,3.6,2.23,3.37,3.6,2.31,3.22,3.38,2.22,3.35,3.55,2.36,1.95,1.9,1.96,1.93,1.98,1.94,1.91,1.89,2,1.96,0.25,1.93,1.93,1.95,1.95,1.96,1.98,1.91,1.91,1.95,2.02,3,3.4,2.3,,,,3.2,3.3,2.15,3.12,3.42,2.38,3,3.3,2.25,3.15,3.43,2.25,3.25,3.55,2.38,3.08,3.39,2.28,3.25,3.5,2.42,1.95,1.9,1.95,1.93,2,1.98,1.89,1.89,2,1.99,0.25,1.83,2.03,1.86,2.06,1.95,2.06,1.86,1.97,1.9,2.09
T1,22/02/2025,10:30,Sivasspor,Konyaspor,1,1,D,1,1,D,,11,9,2,5,11,18,4,2,2,4,1,0,2.7,3.1,2.7,,,,2.75,3,2.7,2.76,3.21,2.76,2.62,3.25,2.62,2.74,3.44,2.71,2.78,3.44,2.76,2.69,3.2,2.69,2.92,3.15,2.82,2.08,1.73,2.11,1.75,2.13,1.8,2.07,1.75,2.12,1.77,0,1.95,1.9,1.94,1.94,1.99,1.95,1.92,1.92,1.99,1.95,2.75,3.1,2.7,,,,2.75,3,2.63,2.8,3.21,2.74,2.62,3.25,2.6,2.76,3.11,2.71,2.86,3.25,2.82,2.74,3.16,2.67,2.86,3.25,2.86,2.08,1.73,2.15,1.76,2.19,1.81,2.07,1.75,2.18,1.83,0,1.95,1.9,1.97,1.93,2,1.95,1.94,1.9,1.99,1.99
T1,22/02/2025,13:00,Antalyaspor,Kasimpasa,2,1,H,2,0,H,,9,11,5,5,19,11,4,6,1,2,0,0,2.35,3.6,2.8,,,,2.3,3.5,2.75,2.4,3.55,2.93,2.3,3.5,2.8,2.43,3.64,2.94,2.43,3.75,2.94,2.36,3.54,2.84,2.38,3.7,2.98,1.62,2.25,1.63,2.31,1.68,2.33,1.62,2.27,1.64,2.34,-0.25,2.05,1.8,2.09,1.81,2.12,1.82,2.04,1.78,2.09,1.84,2.5,3.4,2.75,,,,2.4,3.25,2.88,2.6,3.36,2.85,2.4,3.3,2.9,2.48,3.45,2.78,2.6,3.55,3,2.46,3.37,2.83,2.58,3.55,2.94,1.83,2.03,1.85,2.04,1.85,2.16,1.77,2.04,1.88,2.12,0,1.83,2.03,1.86,2.05,1.87,2.08,1.81,2.05,1.86,2.12
T1,22/02/2025,16:00,Samsunspor,Rizespor,2,3,A,2,0,H,,9,13,3,4,12,13,1,5,1,2,0,0,2.05,3.4,3.6,,,,2,3.3,3.75,2.07,3.43,3.62,2.05,3.4,3.5,2.09,3.68,3.64,2.09,3.68,3.75,2.04,3.44,3.56,2.08,3.55,3.95,1.93,1.93,1.94,1.91,1.96,1.95,1.89,1.9,1.94,1.92,-0.5,2.05,1.75,2.09,1.8,2.12,1.85,2.04,1.79,2.1,1.89,2.25,3.2,3.25,,,,2.2,2.9,3.25,2.37,3.09,3.48,2.25,3.3,3.1,2.23,3.29,3.34,2.37,3.31,3.53,2.29,3.15,3.28,2.4,3.15,3.65,2.15,1.67,2.2,1.73,2.21,1.75,2.11,1.72,2.24,1.8,-0.25,1.98,1.88,2.01,1.9,2.05,1.93,1.97,1.87,2.02,1.96
T1,23/02/2025,10:30,Kayserispor,Goztep,1,0,H,1,0,H,,10,15,4,3,14,14,5,3,1,2,0,0,3.3,3.25,2.2,,,,3,3.6,2.15,3,3.6,2.15,3.25,3.4,2.1,3.31,3.65,2.22,3.35,3.77,2.22,3.15,3.53,2.15,3.25,3.65,2.24,1.9,1.95,1.8,1.96,1.94,2.01,1.85,1.94,1.9,1.98,0.25,1.95,1.9,1.88,1.88,2.02,1.95,1.93,1.87,1.95,1.96,3,3.4,2.3,,,,3,3,2.25,3.11,3.35,2.42,2.9,3.3,2.38,3.15,3.43,2.25,3.15,3.43,2.44,3.02,3.3,2.36,3.3,3.35,2.46,2.05,1.75,2.08,1.81,2.12,1.83,2.02,1.79,2.1,1.89,0.25,1.83,2.03,1.84,2.08,1.87,2.08,1.81,2.03,1.88,2.11
T1,23/02/2025,13:00,Alanyaspor,Ad. Demirspor,3,2,H,0,2,A,,25,7,9,5,15,16,10,1,5,2,0,0,1.33,5.5,8,,,,1.29,5.5,9.5,1.31,5.63,8.57,1.3,5,8.5,1.33,5.89,9.6,1.34,5.89,9.6,1.31,5.5,8.49,1.31,5.8,3.55,1.5,2.5,1.52,2.56,1.54,2.7,1.49,2.52,1.44,2.32,-1.5,1.93,1.93,1.91,1.94,1.98,1.97,1.9,1.92,1.81,1.83,1.36,5.5,7,,,,1.29,5,7.5,1.35,5.64,8.21,1.33,5,8,1.36,5.53,7.33,1.38,5.8,8.5,1.34,5.48,7.74,1.38,5.8,9.2,1.48,2.6,1.49,2.61,1.5,2.78,1.46,2.66,1.52,2.86,-1.5,1.98,1.88,1.99,1.92,2.02,1.92,1.94,1.89,2.02,1.93
T1,23/02/2025,16:00,Trabzonspor,Gaziantep,3,2,H,2,0,H,,20,17,6,6,18,14,1,6,1,1,0,0,1.7,4.1,4.2,,,,1.67,4,4.6,1.69,4.12,4.52,1.7,4,4.2,1.75,4.26,4.57,1.75,4.26,4.6,1.69,4.06,4.39,1.67,4.3,4.8,1.57,2.35,1.57,2.42,1.58,2.45,1.55,2.38,1.49,2.2,-0.75,1.9,1.95,1.89,1.96,1.93,1.99,1.88,1.92,1.81,1.94,1.6,4.1,5,,,,1.55,4,5.5,1.63,4.17,5.47,1.57,4,5,1.57,4.28,5.58,1.63,4.3,5.74,1.58,4.16,5.43,1.63,4.4,6,1.7,2.1,1.72,2.2,1.72,2.35,1.66,2.2,1.75,2.3,-1,2.03,1.83,2.1,1.83,2.1,1.9,2,1.84,2.06,1.93
